Sl No,R2_score,RMSE,Models,Type,R2_score,RMSE,Models,Type,R2_score,RMSE,Models,Type,R2_score,RMSE,Models,Type
1,0.972244439,0.179747489,LgB,Training,0.922355524,0.260210507,LgB,Training,0.995700153,0.131772771,LgB,Training,0.998997322,0.014433864,LgB,Training
2,0.968794402,0.193582083,LgB,Training,0.937418133,0.232179533,LgB,Training,0.994858522,0.143237212,LgB,Training,0.998955874,0.014540765,LgB,Training
3,0.975771492,0.171661312,LgB,Training,0.93715643,0.249250983,LgB,Training,0.995686629,0.131568862,LgB,Training,0.999061547,0.014262493,LgB,Training
4,0.969440823,0.186001043,LgB,Training,0.921588991,0.270316757,LgB,Training,0.995375366,0.13606369,LgB,Training,0.999167328,0.0131502,LgB,Training
5,0.974583296,0.169940855,LgB,Training,0.928829816,0.258234172,LgB,Training,0.995424396,0.135028831,LgB,Training,0.999029372,0.014173889,LgB,Training
6,0.97212232,0.176015496,LgB,Training,0.943234651,0.225886615,LgB,Training,0.995162043,0.139505788,LgB,Training,0.999242675,0.012474194,LgB,Training
7,0.970592519,0.174631532,LgB,Training,0.937905585,0.232135653,LgB,Training,0.995723004,0.131251628,LgB,Training,0.998975592,0.014751119,LgB,Training
8,0.970007711,0.183661558,LgB,Training,0.929358038,0.263006203,LgB,Training,0.995728868,0.130801739,LgB,Training,0.999244119,0.012612862,LgB,Training
9,0.972180791,0.17940976,LgB,Training,0.932595494,0.258918266,LgB,Training,0.995010023,0.141753912,LgB,Training,0.999217238,0.012933994,LgB,Training
10,0.97148343,0.176638494,LgB,Training,0.923232693,0.268800091,LgB,Training,0.995185179,0.139704786,LgB,Training,0.999063324,0.014079461,LgB,Training
11,0.971735327,0.17423567,LgB,Training,0.920673299,0.272660095,LgB,Training,0.995297659,0.137488917,LgB,Training,0.999317226,0.01202184,LgB,Training
12,0.968771265,0.188878544,LgB,Training,0.919157892,0.282853929,LgB,Training,0.995446181,0.135027944,LgB,Training,0.999424282,0.011048883,LgB,Training
13,0.968183059,0.187383293,LgB,Training,0.931874458,0.259352381,LgB,Training,0.995419974,0.137240654,LgB,Training,0.999130884,0.01373285,LgB,Training
14,0.971403055,0.172540189,LgB,Training,0.922910053,0.258456162,LgB,Training,0.99568557,0.131241727,LgB,Training,0.999169662,0.013195023,LgB,Training
15,0.972671711,0.1792298,LgB,Training,0.92608766,0.252696525,LgB,Training,0.995851724,0.128162751,LgB,Training,0.99930197,0.012111601,LgB,Training
16,0.967616,0.179824093,LgB,Training,0.929335156,0.264484303,LgB,Training,0.995293766,0.137141073,LgB,Training,0.999046812,0.014263623,LgB,Training
17,0.974840532,0.158929624,LgB,Training,0.936171695,0.252140547,LgB,Training,0.995550718,0.134272199,LgB,Training,0.999048028,0.014115006,LgB,Training
18,0.973052321,0.169257813,LgB,Training,0.935702457,0.244804224,LgB,Training,0.995686927,0.132039044,LgB,Training,0.999120879,0.01370095,LgB,Training
19,0.976399439,0.16119538,LgB,Training,0.925010046,0.267844878,LgB,Training,0.995340076,0.13661961,LgB,Training,0.999240986,0.012755894,LgB,Training
20,0.970037384,0.180049556,LgB,Training,0.935710897,0.237153409,LgB,Training,0.994999444,0.140384522,LgB,Training,0.999045227,0.013964735,LgB,Training
21,0.971083109,0.183743632,LgB,Training,0.924164069,0.275243059,LgB,Training,0.995494441,0.132926834,LgB,Training,0.999163478,0.013471605,LgB,Training
22,0.973519678,0.166207579,LgB,Training,0.927901317,0.262121127,LgB,Training,0.9951714,0.138798402,LgB,Training,0.99928574,0.012339589,LgB,Training
23,0.974165242,0.16658662,LgB,Training,0.922609354,0.268939846,LgB,Training,0.995054271,0.141357572,LgB,Training,0.999116464,0.013815567,LgB,Training
24,0.972835978,0.175642497,LgB,Training,0.916329155,0.28402365,LgB,Training,0.995863666,0.129360579,LgB,Training,0.999068274,0.01383106,LgB,Training
25,0.973174612,0.175595341,LgB,Training,0.928230296,0.261754382,LgB,Training,0.995201418,0.13821823,LgB,Training,0.999150147,0.013396898,LgB,Training
26,0.971908774,0.168723644,LgB,Training,0.931670427,0.257370367,LgB,Training,0.995244248,0.138200312,LgB,Training,0.999022258,0.014277516,LgB,Training
27,0.968791127,0.182320375,LgB,Training,0.931602054,0.25508297,LgB,Training,0.995658767,0.131144854,LgB,Training,0.99903564,0.014061235,LgB,Training
28,0.974055838,0.173650292,LgB,Training,0.930652652,0.251763388,LgB,Training,0.995175508,0.138184894,LgB,Training,0.99919465,0.012954784,LgB,Training
29,0.972553901,0.181652035,LgB,Training,0.939263444,0.224605085,LgB,Training,0.995309845,0.138419148,LgB,Training,0.998799329,0.015782329,LgB,Training
30,0.974979822,0.169960536,LgB,Training,0.932734828,0.256429966,LgB,Training,0.995411928,0.134990039,LgB,Training,0.999014031,0.014362956,LgB,Training
31,0.734588286,0.478323387,LgB,Testing,0.70948459,0.571543335,LgB,Testing,0.98124752,0.270141246,LgB,Testing,0.998091253,0.020429285,LgB,Testing
32,0.820724507,0.368242733,LgB,Testing,0.665056486,0.622360168,LgB,Testing,0.986760643,0.231016078,LgB,Testing,0.997188185,0.025573712,LgB,Testing
33,0.810826956,0.363477599,LgB,Testing,0.680172713,0.499619596,LgB,Testing,0.983102309,0.258618499,LgB,Testing,0.998161911,0.018766154,LgB,Testing
34,0.836847657,0.396329763,LgB,Testing,0.723639,0.512491097,LgB,Testing,0.984043293,0.252547532,LgB,Testing,0.997200156,0.024759872,LgB,Testing
35,0.762012111,0.475552543,LgB,Testing,0.759321425,0.474468157,LgB,Testing,0.986125622,0.237090636,LgB,Testing,0.998066167,0.020669318,LgB,Testing
36,0.862573226,0.375338649,LgB,Testing,0.673964838,0.584989553,LgB,Testing,0.986638819,0.229334435,LgB,Testing,0.996687431,0.027318496,LgB,Testing
37,0.789237998,0.512880648,LgB,Testing,0.682263764,0.602592215,LgB,Testing,0.98411985,0.249590597,LgB,Testing,0.997756118,0.021434575,LgB,Testing
38,0.77718334,0.468485417,LgB,Testing,0.732364776,0.465205679,LgB,Testing,0.983654335,0.255181422,LgB,Testing,0.996840426,0.025795839,LgB,Testing
39,0.841401666,0.374753944,LgB,Testing,0.710124243,0.470040343,LgB,Testing,0.986756053,0.227901739,LgB,Testing,0.996788446,0.025392126,LgB,Testing
40,0.806374447,0.456564118,LgB,Testing,0.760959303,0.469616949,LgB,Testing,0.985762496,0.233696567,LgB,Testing,0.998676214,0.016556401,LgB,Testing
41,0.821803515,0.450107714,LgB,Testing,0.767527626,0.465451945,LgB,Testing,0.987164267,0.225067782,LgB,Testing,0.995018951,0.03210786,LgB,Testing
42,0.751013788,0.481715398,LgB,Testing,0.780637314,0.412886362,LgB,Testing,0.983697693,0.255198197,LgB,Testing,0.995448863,0.03060638,LgB,Testing
43,0.868748543,0.370705341,LgB,Testing,0.726348588,0.4630791,LgB,Testing,0.985102585,0.233228347,LgB,Testing,0.997436362,0.022093992,LgB,Testing
44,0.872118002,0.397231742,LgB,Testing,0.696907848,0.589196008,LgB,Testing,0.984233446,0.25153675,LgB,Testing,0.996014145,0.029132961,LgB,Testing
45,0.805549489,0.401932591,LgB,Testing,0.722348901,0.565342773,LgB,Testing,0.982684043,0.267350384,LgB,Testing,0.995902463,0.029441881,LgB,Testing
46,0.850365043,0.451442715,LgB,Testing,0.713526603,0.471331065,LgB,Testing,0.986096789,0.236311254,LgB,Testing,0.997684762,0.021607696,LgB,Testing
47,0.732178465,0.60060241,LgB,Testing,0.694634632,0.481018225,LgB,Testing,0.97631971,0.301919272,LgB,Testing,0.997923461,0.021080431,LgB,Testing
48,0.81771129,0.461784733,LgB,Testing,0.766688533,0.470728844,LgB,Testing,0.978766322,0.287030436,LgB,Testing,0.997929583,0.02041098,LgB,Testing
49,0.815256059,0.441698046,LgB,Testing,0.728387888,0.487828028,LgB,Testing,0.984763542,0.246582387,LgB,Testing,0.996298843,0.027109792,LgB,Testing
50,0.848706434,0.410412461,LgB,Testing,0.680403476,0.597893818,LgB,Testing,0.98749272,0.228622909,LgB,Testing,0.998137679,0.020631814,LgB,Testing
51,0.792696755,0.420508158,LgB,Testing,0.791637681,0.393608776,LgB,Testing,0.987054726,0.233926176,LgB,Testing,0.997345808,0.02248819,LgB,Testing
52,0.837655575,0.446763901,LgB,Testing,0.709534115,0.507389425,LgB,Testing,0.981937674,0.270045693,LgB,Testing,0.994666347,0.032851088,LgB,Testing
53,0.804812735,0.47100314,LgB,Testing,0.737748798,0.497131997,LgB,Testing,0.985051166,0.241005547,LgB,Testing,0.997253997,0.023051259,LgB,Testing
54,0.854750904,0.371862996,LgB,Testing,0.659776287,0.538949351,LgB,Testing,0.97085007,0.335403085,LgB,Testing,0.997860275,0.021973986,LgB,Testing
55,0.742341187,0.484067485,LgB,Testing,0.738342776,0.480116443,LgB,Testing,0.986396971,0.23507852,LgB,Testing,0.996587603,0.026664508,LgB,Testing
56,0.786213588,0.530895774,LgB,Testing,0.758157088,0.45016872,LgB,Testing,0.983127716,0.258443314,LgB,Testing,0.998537015,0.017798375,LgB,Testing
57,0.772640827,0.51369286,LgB,Testing,0.744301665,0.47768293,LgB,Testing,0.972614004,0.335962665,LgB,Testing,0.997989383,0.021314079,LgB,Testing
58,0.85884257,0.350588704,LgB,Testing,0.714878512,0.534618913,LgB,Testing,0.982857834,0.266132227,LgB,Testing,0.996029017,0.029338146,LgB,Testing
59,0.82070711,0.367103999,LgB,Testing,0.720037942,0.59032142,LgB,Testing,0.983972782,0.244895625,LgB,Testing,0.997811752,0.021912688,LgB,Testing
60,0.822960864,0.397619607,LgB,Testing,0.746099918,0.454476332,LgB,Testing,0.980978412,0.278420536,LgB,Testing,0.998311259,0.019023186,LgB,Testing
121,0.999655755,0.020018033,XgB,Training,0.993477348,0.075419155,XgB,Training,0.999516054,0.044207664,XgB,Training,0.999966689,0.002630829,XgB,Training
122,0.999687634,0.019367824,XgB,Training,0.994051396,0.071582558,XgB,Training,0.999534228,0.043112039,XgB,Training,0.999964497,0.002681288,XgB,Training
123,0.99955132,0.023360259,XgB,Training,0.993310596,0.081320523,XgB,Training,0.999370419,0.050265556,XgB,Training,0.999961698,0.002881392,XgB,Training
124,0.999682233,0.018967017,XgB,Training,0.993429846,0.078247817,XgB,Training,0.999545516,0.042654322,XgB,Training,0.999959778,0.002890207,XgB,Training
125,0.999644952,0.020085465,XgB,Training,0.993703452,0.076809676,XgB,Training,0.999524296,0.043538242,XgB,Training,0.999966812,0.002620904,XgB,Training
126,0.999494157,0.02370994,XgB,Training,0.992524824,0.08197087,XgB,Training,0.999500662,0.044818644,XgB,Training,0.999965077,0.002678707,XgB,Training
127,0.999689189,0.017953198,XgB,Training,0.991700978,0.084865084,XgB,Training,0.99954216,0.042942967,XgB,Training,0.999958995,0.002951248,XgB,Training
128,0.999541699,0.022703286,XgB,Training,0.994158908,0.075627827,XgB,Training,0.999468795,0.046128909,XgB,Training,0.999967917,0.002598518,XgB,Training
129,0.999629775,0.020696956,XgB,Training,0.994265913,0.075517977,XgB,Training,0.999365219,0.050558912,XgB,Training,0.999966754,0.002665557,XgB,Training
130,0.999623062,0.020308214,XgB,Training,0.992736075,0.082685036,XgB,Training,0.999543196,0.043031493,XgB,Training,0.999964414,0.002744299,XgB,Training
131,0.999712038,0.017586638,XgB,Training,0.993085202,0.080501066,XgB,Training,0.999447308,0.047135956,XgB,Training,0.999968273,0.002591466,XgB,Training
132,0.999684587,0.018982139,XgB,Training,0.993010362,0.083170771,XgB,Training,0.999532084,0.043283217,XgB,Training,0.999967411,0.002628756,XgB,Training
133,0.999633324,0.020116066,XgB,Training,0.994253629,0.075323776,XgB,Training,0.999444307,0.047804216,XgB,Training,0.9999637,0.002806583,XgB,Training
134,0.999641745,0.019311958,XgB,Training,0.992429493,0.08099356,XgB,Training,0.999553807,0.042205755,XgB,Training,0.999964651,0.002722531,XgB,Training
135,0.999663614,0.01988487,XgB,Training,0.993118973,0.077102316,XgB,Training,0.999457816,0.046334153,XgB,Training,0.999965251,0.002702302,XgB,Training
136,0.999710675,0.017043054,XgB,Training,0.992998362,0.083252641,XgB,Training,0.999482851,0.045460975,XgB,Training,0.999968275,0.002602185,XgB,Training
137,0.999710675,0.017043054,XgB,Training,0.994110304,0.076591838,XgB,Training,0.999415942,0.04864847,XgB,Training,0.999965808,0.002675035,XgB,Training
138,0.999569563,0.021391572,XgB,Training,0.992809634,0.081864803,XgB,Training,0.999516905,0.044190115,XgB,Training,0.999967031,0.002653249,XgB,Training
139,0.999640781,0.019887091,XgB,Training,0.994213365,0.074403754,XgB,Training,0.999386554,0.049569181,XgB,Training,0.999962508,0.002835018,XgB,Training
140,0.99951748,0.022848613,XgB,Training,0.993435772,0.075779637,XgB,Training,0.999515838,0.043682306,XgB,Training,0.999961471,0.002805279,XgB,Training
141,0.999657925,0.019984676,XgB,Training,0.992638379,0.085756213,XgB,Training,0.999453189,0.04630811,XgB,Training,0.999969883,0.002556166,XgB,Training
142,0.999504604,0.022733452,XgB,Training,0.993595968,0.078120514,XgB,Training,0.999496593,0.044816051,XgB,Training,0.999968107,0.00260748,XgB,Training
143,0.999754654,0.016234084,XgB,Training,0.993005622,0.080851014,XgB,Training,0.999528031,0.043667726,XgB,Training,0.999964922,0.002752798,XgB,Training
144,0.999589676,0.021587192,XgB,Training,0.99298105,0.082262802,XgB,Training,0.999560561,0.042164146,XgB,Training,0.999956719,0.002980982,XgB,Training
145,0.999589493,0.021722023,XgB,Training,0.993708518,0.07749967,XgB,Training,0.99954821,0.042410848,XgB,Training,0.999962487,0.002791005,XgB,Training
146,0.999706078,0.017258656,XgB,Training,0.993736002,0.077925572,XgB,Training,0.99953965,0.042997549,XgB,Training,0.999961752,0.002823859,XgB,Training
147,0.999598522,0.020678885,XgB,Training,0.991981261,0.087339959,XgB,Training,0.99946717,0.045945069,XgB,Training,0.999955651,0.003015415,XgB,Training
148,0.999628954,0.020766788,XgB,Training,0.994474044,0.071069191,XgB,Training,0.999443136,0.046947178,XgB,Training,0.999963896,0.002742951,XgB,Training
149,0.999732764,0.017924521,XgB,Training,0.993111958,0.075638409,XgB,Training,0.999459263,0.046999763,XgB,Training,0.999964856,0.002700115,XgB,Training
150,0.999606915,0.021303261,XgB,Training,0.993375662,0.080472017,XgB,Training,0.999462586,0.046199922,XgB,Training,0.999954055,0.003100486,XgB,Training
151,0.654235968,0.545948252,XgB,Testing,0.691445159,0.589020975,XgB,Testing,0.982077517,0.264095278,XgB,Testing,0.998228499,0.019681112,XgB,Testing
152,0.868946298,0.314846136,XgB,Testing,0.617841371,0.664779836,XgB,Testing,0.984189088,0.252456883,XgB,Testing,0.997323504,0.024950755,XgB,Testing
153,0.829808364,0.344760206,XgB,Testing,0.689949782,0.491923679,XgB,Testing,0.98366535,0.254273337,XgB,Testing,0.998185813,0.018643741,XgB,Testing
154,0.78490964,0.45506193,XgB,Testing,0.737864258,0.499127005,XgB,Testing,0.982302188,0.265969164,XgB,Testing,0.997244167,0.0245645,XgB,Testing
155,0.784460224,0.452568991,XgB,Testing,0.704377268,0.525844417,XgB,Testing,0.984310227,0.252125034,XgB,Testing,0.998164358,0.020137733,XgB,Testing
156,0.837908338,0.407631699,XgB,Testing,0.698183721,0.562842936,XgB,Testing,0.986392312,0.231440318,XgB,Testing,0.996953409,0.0261988,XgB,Testing
157,0.767257235,0.538962129,XgB,Testing,0.673665935,0.61069076,XgB,Testing,0.984630764,0.245542713,XgB,Testing,0.997528195,0.02249686,XgB,Testing
158,0.750390485,0.495852852,XgB,Testing,0.694761999,0.496812682,XgB,Testing,0.98401608,0.252341921,XgB,Testing,0.996635992,0.026617292,XgB,Testing
159,0.846099264,0.369162221,XgB,Testing,0.692525212,0.484098728,XgB,Testing,0.986916156,0.226520026,XgB,Testing,0.997108999,0.024091597,XgB,Testing
160,0.771290819,0.496206262,XgB,Testing,0.755167633,0.475272028,XgB,Testing,0.986833001,0.224739184,XgB,Testing,0.998773213,0.015938288,XgB,Testing
161,0.830949701,0.438404356,XgB,Testing,0.760656628,0.47228035,XgB,Testing,0.985649244,0.237979954,XgB,Testing,0.996298977,0.027676542,XgB,Testing
162,0.763489034,0.46949235,XgB,Testing,0.764194246,0.428081401,XgB,Testing,0.983885587,0.253723279,XgB,Testing,0.996415099,0.027163801,XgB,Testing
163,0.836749734,0.413431656,XgB,Testing,0.677211999,0.502938666,XgB,Testing,0.982815108,0.250495125,XgB,Testing,0.998181929,0.018605928,XgB,Testing
164,0.72129077,0.586428291,XgB,Testing,0.720123392,0.566181599,XgB,Testing,0.984696118,0.247818575,XgB,Testing,0.996446951,0.027505813,XgB,Testing
165,0.831273362,0.374404022,XgB,Testing,0.731479583,0.55596929,XgB,Testing,0.981189462,0.27864944,XgB,Testing,0.996414441,0.027541181,XgB,Testing
166,0.698598153,0.63714353,XgB,Testing,0.690472501,0.489929438,XgB,Testing,0.985846832,0.238426037,XgB,Testing,0.997421899,0.02280135,XgB,Testing
167,0.698598153,0.63714353,XgB,Testing,0.677291884,0.494488942,XgB,Testing,0.970188418,0.338758219,XgB,Testing,0.998040209,0.020479265,XgB,Testing
168,0.792651339,0.492504613,XgB,Testing,0.742568391,0.494462892,XgB,Testing,0.979766125,0.280191445,XgB,Testing,0.998033716,0.019891065,XgB,Testing
169,0.860362529,0.384008964,XgB,Testing,0.716014561,0.49881582,XgB,Testing,0.983046553,0.260105204,XgB,Testing,0.996792262,0.025238113,XgB,Testing
170,0.83805457,0.42461434,XgB,Testing,0.665964933,0.611250279,XgB,Testing,0.986275487,0.239489667,XgB,Testing,0.998526493,0.018352118,XgB,Testing
171,0.818380065,0.393598227,XgB,Testing,0.750280248,0.430905095,XgB,Testing,0.986404864,0.239725917,XgB,Testing,0.997478266,0.02191987,XgB,Testing
172,0.825835165,0.462742748,XgB,Testing,0.734268558,0.485305617,XgB,Testing,0.982903222,0.262728718,XgB,Testing,0.997549812,0.022265736,XgB,Testing
173,0.769690045,0.511628135,XgB,Testing,0.729584248,0.504811182,XgB,Testing,0.983035639,0.256739175,XgB,Testing,0.997629217,0.02141855,XgB,Testing
174,0.816139228,0.418379873,XgB,Testing,0.612468368,0.575200484,XgB,Testing,0.967327364,0.355091583,XgB,Testing,0.99738083,0.024311496,XgB,Testing
175,0.728345968,0.497040169,XgB,Testing,0.748954601,0.470279825,XgB,Testing,0.984104431,0.254116682,XgB,Testing,0.998205435,0.019815024,XgB,Testing
176,0.760283214,0.562171005,XgB,Testing,0.739198856,0.467480369,XgB,Testing,0.978676781,0.290539206,XgB,Testing,0.998538795,0.017787546,XgB,Testing
177,0.706043167,0.584102506,XgB,Testing,0.754094311,0.468446567,XgB,Testing,0.976144195,0.313562258,XgB,Testing,0.996533015,0.027988385,XgB,Testing
178,0.823373174,0.39217001,XgB,Testing,0.694050274,0.55380182,XgB,Testing,0.981760881,0.274515299,XgB,Testing,0.996773184,0.026446653,XgB,Testing
179,0.828348335,0.359196083,XgB,Testing,0.720369074,0.589972208,XgB,Testing,0.984625423,0.239857633,XgB,Testing,0.997657981,0.022669534,XgB,Testing
180,0.80598328,0.416248547,XgB,Testing,0.724926243,0.47304715,XgB,Testing,0.980495139,0.281935211,XgB,Testing,0.998218023,0.019541269,XgB,Testing
181,0.935301906,0.274431255,GB,Training,0.862492845,0.346283817,GB,Training,0.983131511,0.26099806,GB,Training,0.998027848,0.020242866,GB,Training
182,0.909264599,0.330093738,GB,Training,0.878186135,0.323927663,GB,Training,0.982693663,0.2627934,GB,Training,0.998017788,0.020034838,GB,Training
183,0.924913126,0.302197667,GB,Training,0.861089556,0.370573114,GB,Training,0.983195084,0.259694591,GB,Training,0.998258354,0.019429839,GB,Training
184,0.917243342,0.306087804,GB,Training,0.855147007,0.36740764,GB,Training,0.983370716,0.258012262,GB,Training,0.99823128,0.01916571,GB,Training
185,0.922414745,0.296912018,GB,Training,0.859251016,0.363151047,GB,Training,0.983045629,0.259922065,GB,Training,0.998170056,0.019461728,GB,Training
186,0.916514722,0.304598344,GB,Training,0.86319053,0.350676708,GB,Training,0.982778259,0.263208414,GB,Training,0.998189637,0.019286534,GB,Training
187,0.923989252,0.280757425,GB,Training,0.853311506,0.356790763,GB,Training,0.983605903,0.256967992,GB,Training,0.998159783,0.019702253,GB,Training
188,0.923905626,0.292543015,GB,Training,0.859493337,0.370922411,GB,Training,0.984000772,0.253157921,GB,Training,0.998354801,0.018607851,GB,Training
189,0.92191824,0.300571966,GB,Training,0.860776121,0.372113212,GB,Training,0.982843671,0.262843942,GB,Training,0.998041255,0.020460049,GB,Training
190,0.929196192,0.278333204,GB,Training,0.843687999,0.383563629,GB,Training,0.982620081,0.265427002,GB,Training,0.998114357,0.01997658,GB,Training
191,0.924299625,0.285143911,GB,Training,0.855435605,0.368080285,GB,Training,0.983081078,0.260793626,GB,Training,0.998326616,0.018820458,GB,Training
192,0.916748192,0.308391409,GB,Training,0.842939581,0.394254606,GB,Training,0.984162999,0.251809596,GB,Training,0.99841558,0.018329422,GB,Training
193,0.92686539,0.284094698,GB,Training,0.846348763,0.389496253,GB,Training,0.983816739,0.257977492,GB,Training,0.99829316,0.019245015,GB,Training
194,0.930277911,0.2694112,GB,Training,0.857336324,0.351596645,GB,Training,0.98333801,0.257913243,GB,Training,0.998332749,0.018697481,GB,Training
195,0.920236964,0.306199756,GB,Training,0.853566198,0.355681653,GB,Training,0.982790298,0.261044576,GB,Training,0.998386581,0.018413577,GB,Training
196,0.906435811,0.305659194,GB,Training,0.858017104,0.374900669,GB,Training,0.983198986,0.259118556,GB,Training,0.99816311,0.01980077,GB,Training
197,0.925653854,0.273201675,GB,Training,0.862854366,0.369595801,GB,Training,0.983773392,0.256421825,GB,Training,0.998072943,0.020082427,GB,Training
198,0.911475169,0.306775446,GB,Training,0.849880695,0.374058898,GB,Training,0.983226017,0.260391656,GB,Training,0.998154289,0.019852185,GB,Training
199,0.928360376,0.280845893,GB,Training,0.85915568,0.367072179,GB,Training,0.982306797,0.26621154,GB,Training,0.998120313,0.020073761,GB,Training
200,0.916334738,0.300867157,GB,Training,0.858815421,0.351442533,GB,Training,0.982715836,0.260996243,GB,Training,0.998012834,0.02014651,GB,Training
201,0.916995893,0.311305137,GB,Training,0.848323551,0.389258352,GB,Training,0.982626682,0.261023553,GB,Training,0.998097545,0.020315981,GB,Training
202,0.920426609,0.288119816,GB,Training,0.861153971,0.36375175,GB,Training,0.983105345,0.259626194,GB,Training,0.998124086,0.019997648,GB,Training
203,0.922566171,0.288405332,GB,Training,0.854914043,0.368233762,GB,Training,0.984286875,0.251962096,GB,Training,0.998231674,0.019545087,GB,Training
204,0.922277202,0.297102822,GB,Training,0.858911244,0.36881929,GB,Training,0.984486621,0.250522847,GB,Training,0.998171676,0.019374833,GB,Training
205,0.922534998,0.298395827,GB,Training,0.853224453,0.374326211,GB,Training,0.984052989,0.253767174,GB,Training,0.998401434,0.018373742,GB,Training
206,0.917563935,0.289034194,GB,Training,0.857366228,0.371847932,GB,Training,0.984081415,0.252843418,GB,Training,0.998156212,0.019606319,GB,Training
207,0.937557869,0.257890306,GB,Training,0.856481037,0.369500116,GB,Training,0.984264794,0.249678381,GB,Training,0.998068578,0.019899515,GB,Training
208,0.919596861,0.305697717,GB,Training,0.858919352,0.35909666,GB,Training,0.984687859,0.24617998,GB,Training,0.998254725,0.019070837,GB,Training
209,0.931305684,0.287382526,GB,Training,0.851570648,0.351119056,GB,Training,0.983735971,0.257760677,GB,Training,0.998052714,0.020098974,GB,Training
210,0.926894733,0.2905208,GB,Training,0.856864109,0.374065727,GB,Training,0.983849457,0.25326793,GB,Training,0.998199198,0.019410878,GB,Training
211,0.654758308,0.545535718,GB,Testing,0.658568991,0.619606634,GB,Testing,0.973250035,0.322643671,GB,Testing,0.997119613,0.025095992,GB,Testing
212,0.810629784,0.378468344,GB,Testing,0.610125246,0.671457547,GB,Testing,0.978887908,0.291725506,GB,Testing,0.99722134,0.025422492,GB,Testing
213,0.754892186,0.413739137,GB,Testing,0.702246051,0.482070407,GB,Testing,0.976987105,0.301808544,GB,Testing,0.997210056,0.023120103,GB,Testing
214,0.806100724,0.432064042,GB,Testing,0.691918587,0.541103941,GB,Testing,0.973634308,0.324631817,GB,Testing,0.996097837,0.029230363,GB,Testing
215,0.650546555,0.576256375,GB,Testing,0.724351326,0.507769146,GB,Testing,0.976606593,0.307860792,GB,Testing,0.996716045,0.026934893,GB,Testing
216,0.788200347,0.465961712,GB,Testing,0.661773031,0.595826763,GB,Testing,0.978051099,0.293936308,GB,Testing,0.995754924,0.030925526,GB,Testing
217,0.68713618,0.62488173,GB,Testing,0.632886381,0.6477246,GB,Testing,0.975063382,0.312766112,GB,Testing,0.997386851,0.023379292,GB,Testing
218,0.650308786,0.586900672,GB,Testing,0.687546052,0.502650803,GB,Testing,0.977378365,0.300199354,GB,Testing,0.996070237,0.02876859,GB,Testing
219,0.73419079,0.485156567,GB,Testing,0.701994837,0.476585781,GB,Testing,0.977883935,0.294505122,GB,Testing,0.996524741,0.026414054,GB,Testing
220,0.664818428,0.600703977,GB,Testing,0.685722395,0.538473775,GB,Testing,0.975115779,0.308956558,GB,Testing,0.99754861,0.022530107,GB,Testing
221,0.723361572,0.560819548,GB,Testing,0.706435497,0.523047276,GB,Testing,0.980768468,0.275492596,GB,Testing,0.995500428,0.030516629,GB,Testing
222,0.706985034,0.522573979,GB,Testing,0.742480267,0.447357184,GB,Testing,0.977083809,0.302568901,GB,Testing,0.995238716,0.031305023,GB,Testing
223,0.755021505,0.506454879,GB,Testing,0.720529027,0.467977193,GB,Testing,0.974042052,0.307865518,GB,Testing,0.99605222,0.027417153,GB,Testing
224,0.728914678,0.578351997,GB,Testing,0.674887805,0.610223712,GB,Testing,0.97585598,0.311270414,GB,Testing,0.995721648,0.030182982,GB,Testing
225,0.785781112,0.421868946,GB,Testing,0.710621834,0.577158408,GB,Testing,0.972520248,0.336793707,GB,Testing,0.995549978,0.030682107,GB,Testing
226,0.73521277,0.6005299,GB,Testing,0.70201928,0.48070429,GB,Testing,0.974569343,0.31959916,GB,Testing,0.996131952,0.027929074,GB,Testing
227,0.66269885,0.674020699,GB,Testing,0.671620984,0.498814809,GB,Testing,0.968493145,0.348257002,GB,Testing,0.997094202,0.02493688,GB,Testing
228,0.738123514,0.553487653,GB,Testing,0.724916428,0.511134384,GB,Testing,0.975274043,0.30973615,GB,Testing,0.997137653,0.023999164,GB,Testing
229,0.785648213,0.475777533,GB,Testing,0.668679224,0.538786267,GB,Testing,0.9765151,0.306135998,GB,Testing,0.996017391,0.028121681,GB,Testing
230,0.740014771,0.538002935,GB,Testing,0.661838836,0.615013862,GB,Testing,0.977114834,0.309254014,GB,Testing,0.99749666,0.02392049,GB,Testing
231,0.805155435,0.407676355,GB,Testing,0.745642692,0.434887868,GB,Testing,0.982235469,0.274031238,GB,Testing,0.996460879,0.025967851,GB,Testing
232,0.758895384,0.544455196,GB,Testing,0.709791598,0.507164489,GB,Testing,0.975304908,0.315758995,GB,Testing,0.99577773,0.029228759,GB,Testing
233,0.756031418,0.526580793,GB,Testing,0.709987431,0.522782912,GB,Testing,0.97342002,0.321366579,GB,Testing,0.99595394,0.02798081,GB,Testing
234,0.770156102,0.467781167,GB,Testing,0.595867075,0.587391666,GB,Testing,0.970710468,0.336205263,GB,Testing,0.997085299,0.025646425,GB,Testing
235,0.688334996,0.532386986,GB,Testing,0.717715139,0.498682363,GB,Testing,0.978770751,0.28739228,GB,Testing,0.995515168,0.030568696,GB,Testing
236,0.708336847,0.620097531,GB,Testing,0.762022399,0.446556766,GB,Testing,0.975273174,0.312869014,GB,Testing,0.99732492,0.02406738,GB,Testing
237,0.609734906,0.673018719,GB,Testing,0.703616916,0.514283367,GB,Testing,0.969211031,0.356224938,GB,Testing,0.996893401,0.026493811,GB,Testing
238,0.786816856,0.43084641,GB,Testing,0.664851291,0.579626349,GB,Testing,0.974202086,0.326480249,GB,Testing,0.995602894,0.030872165,GB,Testing
239,0.825084159,0.362595285,GB,Testing,0.683508782,0.627653255,GB,Testing,0.974942813,0.306209107,GB,Testing,0.997075215,0.025333452,GB,Testing
240,0.692416578,0.524100547,GB,Testing,0.718328873,0.47868632,GB,Testing,0.975451913,0.316290909,GB,Testing,0.996976798,0.025452784,GB,Testing
241,0.99952513,0.023511221,AdaB,Training,0.999227533,0.025954315,AdaB,Training,0.999943866,0.015056154,AdaB,Training,0.999991581,0.001322591,AdaB,Training
242,0.999428116,0.026206141,AdaB,Training,0.999343393,0.023782227,AdaB,Training,0.999962904,0.012166743,AdaB,Training,0.999992385,0.001241794,AdaB,Training
243,0.999476362,0.025236242,AdaB,Training,0.999125232,0.02940714,AdaB,Training,0.999956954,0.013143482,AdaB,Training,0.999991264,0.001376055,AdaB,Training
244,0.999649974,0.0199065,AdaB,Training,0.999196153,0.027369773,AdaB,Training,0.999947188,0.014540227,AdaB,Training,0.999992913,0.001213223,AdaB,Training
245,0.999619414,0.020795268,AdaB,Training,0.999085373,0.029274316,AdaB,Training,0.999945717,0.014707402,AdaB,Training,0.999991277,0.001343685,AdaB,Training
246,0.999529118,0.022875924,AdaB,Training,0.999278324,0.025469476,AdaB,Training,0.999952382,0.013840379,AdaB,Training,0.999992692,0.001225371,AdaB,Training
247,0.999726493,0.016841401,AdaB,Training,0.999271605,0.025141954,AdaB,Training,0.99994458,0.014978104,AdaB,Training,0.999992446,0.001266681,AdaB,Training
248,0.999628652,0.020436386,AdaB,Training,0.999136566,0.029076981,AdaB,Training,0.999957715,0.013014757,AdaB,Training,0.999994132,0.001111304,AdaB,Training
249,0.999462956,0.024927484,AdaB,Training,0.999251764,0.027279563,AdaB,Training,0.999951329,0.013999765,AdaB,Training,0.999993486,0.001179912,AdaB,Training
250,0.999663569,0.019186008,AdaB,Training,0.999267952,0.026248896,AdaB,Training,0.999939813,0.015619726,AdaB,Training,0.999988685,0.001547458,AdaB,Training
251,0.999526299,0.022556264,AdaB,Training,0.99909034,0.029197891,AdaB,Training,0.99993459,0.016215557,AdaB,Training,0.999993649,0.001159479,AdaB,Training
252,0.999670817,0.01939207,AdaB,Training,0.999066263,0.030398747,AdaB,Training,0.999963473,0.012093326,AdaB,Training,0.999992611,0.001251715,AdaB,Training
253,0.999443136,0.024789973,AdaB,Training,0.999195385,0.028185737,AdaB,Training,0.999948386,0.014569068,AdaB,Training,0.999992303,0.001292339,AdaB,Training
254,0.999355156,0.025909425,AdaB,Training,0.999171313,0.026796814,AdaB,Training,0.999952919,0.01370983,AdaB,Training,0.999992422,0.001260555,AdaB,Training
255,0.999617411,0.021206561,AdaB,Training,0.999053482,0.028596002,AdaB,Training,0.999954235,0.013461524,AdaB,Training,0.999992985,0.001214197,AdaB,Training
256,0.999378931,0.024903061,AdaB,Training,0.999163054,0.028783728,AdaB,Training,0.999944507,0.01489195,AdaB,Training,0.999992458,0.001268789,AdaB,Training
257,0.999667558,0.018268878,AdaB,Training,0.99920333,0.02816925,AdaB,Training,0.999947869,0.014534181,AdaB,Training,0.999991423,0.001339759,AdaB,Training
258,0.999441039,0.024376912,AdaB,Training,0.99922006,0.026962007,AdaB,Training,0.999948401,0.014442026,AdaB,Training,0.999992253,0.001286191,AdaB,Training
259,0.999507511,0.023285727,AdaB,Training,0.99918749,0.027880225,AdaB,Training,0.999948802,0.014320191,AdaB,Training,0.999991753,0.001329628,AdaB,Training
260,0.999549207,0.022084666,AdaB,Training,0.999116306,0.027804284,AdaB,Training,0.999950206,0.014008657,AdaB,Training,0.999988599,0.001526005,AdaB,Training
261,0.999573763,0.022308075,AdaB,Training,0.999051763,0.030777779,AdaB,Training,0.999950589,0.013920313,AdaB,Training,0.999993947,0.001145974,AdaB,Training
262,0.999657575,0.01890045,AdaB,Training,0.999249818,0.026737548,AdaB,Training,0.999946135,0.014659831,AdaB,Training,0.999991751,0.001326093,AdaB,Training
263,0.99962466,0.020079372,AdaB,Training,0.999053757,0.029738028,AdaB,Training,0.999953154,0.013757523,AdaB,Training,0.999990991,0.001395045,AdaB,Training
264,0.999390139,0.026317713,AdaB,Training,0.999135326,0.028873117,AdaB,Training,0.999952447,0.013870211,AdaB,Training,0.999991853,0.001293315,AdaB,Training
265,0.999546232,0.022837951,AdaB,Training,0.999127281,0.028864277,AdaB,Training,0.999944131,0.014914025,AdaB,Training,0.999992686,0.001242848,AdaB,Training
266,0.999463803,0.023310562,AdaB,Training,0.999159847,0.028538655,AdaB,Training,0.999950403,0.014113255,AdaB,Training,0.99998993,0.001448932,AdaB,Training
267,0.999664708,0.018897643,AdaB,Training,0.9989955,0.030912551,AdaB,Training,0.999959321,0.012694896,AdaB,Training,0.999990621,0.001386719,AdaB,Training
268,0.999585333,0.021953574,AdaB,Training,0.999327502,0.024792657,AdaB,Training,0.999956691,0.01309252,AdaB,Training,0.9999926,0.001241808,AdaB,Training
269,0.999555832,0.023108607,AdaB,Training,0.999127248,0.026924022,AdaB,Training,0.999949273,0.014395315,AdaB,Training,0.999991597,0.001320327,AdaB,Training
270,0.999642083,0.02032796,AdaB,Training,0.999219364,0.027624725,AdaB,Training,0.999958947,0.012769095,AdaB,Training,0.999991261,0.00135221,AdaB,Training
271,0.568640916,0.609791051,AdaB,Testing,0.684163666,0.595930513,AdaB,Testing,0.984628576,0.244578676,AdaB,Testing,0.998813744,0.016105274,AdaB,Testing
272,0.956796935,0.180771932,AdaB,Testing,0.612228296,0.669644122,AdaB,Testing,0.986206399,0.235802056,AdaB,Testing,0.998801142,0.016698761,AdaB,Testing
273,0.821771848,0.352806174,AdaB,Testing,0.679933443,0.49980645,AdaB,Testing,0.98396111,0.251960845,AdaB,Testing,0.99909393,0.013175672,AdaB,Testing
274,0.840607304,0.391736681,AdaB,Testing,0.730236743,0.50633663,AdaB,Testing,0.986317228,0.233861395,AdaB,Testing,0.99770435,0.022419935,AdaB,Testing
275,0.722926123,0.513119915,AdaB,Testing,0.739596847,0.493527633,AdaB,Testing,0.98531502,0.24391827,AdaB,Testing,0.998002143,0.021008686,AdaB,Testing
276,0.815928836,0.434390671,AdaB,Testing,0.669104887,0.589333415,AdaB,Testing,0.99007264,0.197680456,AdaB,Testing,0.997508349,0.023692885,AdaB,Testing
277,0.76231495,0.544654491,AdaB,Testing,0.645137063,0.636825528,AdaB,Testing,0.985969225,0.232726006,AdaB,Testing,0.998247782,0.018941261,AdaB,Testing
278,0.790215184,0.454578899,AdaB,Testing,0.753587773,0.446379765,AdaB,Testing,0.98607585,0.235522339,AdaB,Testing,0.997381235,0.023484625,AdaB,Testing
279,0.889074768,0.313409441,AdaB,Testing,0.719915977,0.462033382,AdaB,Testing,0.989701193,0.200970535,AdaB,Testing,0.998460194,0.01758225,AdaB,Testing
280,0.817378078,0.443401231,AdaB,Testing,0.776773078,0.453817381,AdaB,Testing,0.987122978,0.222250687,AdaB,Testing,0.99916755,0.013129134,AdaB,Testing
281,0.89077279,0.352397087,AdaB,Testing,0.772358473,0.46059044,AdaB,Testing,0.988400616,0.213954022,AdaB,Testing,0.99740369,0.023180844,AdaB,Testing
282,0.768788769,0.464202357,AdaB,Testing,0.773839772,0.419234753,AdaB,Testing,0.984428905,0.249409298,AdaB,Testing,0.997401877,0.023125003,AdaB,Testing
283,0.819972121,0.434156852,AdaB,Testing,0.735195004,0.455532556,AdaB,Testing,0.987060561,0.217361985,AdaB,Testing,0.995760531,0.028411987,AdaB,Testing
284,0.776851363,0.524730559,AdaB,Testing,0.66657187,0.617978787,AdaB,Testing,0.988283842,0.216833141,AdaB,Testing,0.996991318,0.025311159,AdaB,Testing
285,0.795061789,0.412629382,AdaB,Testing,0.738531089,0.548620682,AdaB,Testing,0.983366845,0.2620263,AdaB,Testing,0.996883744,0.025675603,AdaB,Testing
286,0.725596058,0.611337857,AdaB,Testing,0.700819948,0.481670704,AdaB,Testing,0.987856478,0.220850897,AdaB,Testing,0.997310154,0.023290259,AdaB,Testing
287,0.684655194,0.65171417,AdaB,Testing,0.704919843,0.472848094,AdaB,Testing,0.974309818,0.314471227,AdaB,Testing,0.998522167,0.0177837,AdaB,Testing
288,0.813007792,0.467704383,AdaB,Testing,0.738455936,0.498396752,AdaB,Testing,0.978640606,0.287878874,AdaB,Testing,0.997323419,0.02320733,AdaB,Testing
289,0.793308109,0.467199205,AdaB,Testing,0.75158351,0.466533026,AdaB,Testing,0.986201234,0.23466059,AdaB,Testing,0.99865449,0.016345603,AdaB,Testing
290,0.834455656,0.429306518,AdaB,Testing,0.652559287,0.623395113,AdaB,Testing,0.972892954,0.336573104,AdaB,Testing,0.998900121,0.015855599,AdaB,Testing
291,0.79828693,0.414799663,AdaB,Testing,0.742884319,0.437239575,AdaB,Testing,0.988257071,0.222798067,AdaB,Testing,0.997969322,0.019670202,AdaB,Testing
292,0.838934,0.445001341,AdaB,Testing,0.772577888,0.448962627,AdaB,Testing,0.987178791,0.227517549,AdaB,Testing,0.99842436,0.017855248,AdaB,Testing
293,0.847718713,0.416026823,AdaB,Testing,0.756194988,0.479329643,AdaB,Testing,0.986933941,0.225317894,AdaB,Testing,0.996151446,0.027289335,AdaB,Testing
294,0.825871943,0.407155795,AdaB,Testing,0.704090057,0.502626571,AdaB,Testing,0.972099037,0.328139027,AdaB,Testing,0.997651405,0.023021513,AdaB,Testing
295,0.810303748,0.415348633,AdaB,Testing,0.670781279,0.538545594,AdaB,Testing,0.985297642,0.244392926,AdaB,Testing,0.997136606,0.024425552,AdaB,Testing
296,0.795926062,0.51869611,AdaB,Testing,0.732836309,0.473148372,AdaB,Testing,0.984357931,0.248843021,AdaB,Testing,0.999076597,0.014140219,AdaB,Testing
297,0.723850662,0.566134071,AdaB,Testing,0.748229892,0.473999469,AdaB,Testing,0.981690958,0.274700573,AdaB,Testing,0.998772799,0.016651741,AdaB,Testing
298,0.92650291,0.252977046,AdaB,Testing,0.717142774,0.532491872,AdaB,Testing,0.984218814,0.255349165,AdaB,Testing,0.996519295,0.027467382,AdaB,Testing
299,0.891390281,0.285720845,AdaB,Testing,0.713890845,0.596767042,AdaB,Testing,0.986719408,0.222925968,AdaB,Testing,0.998625746,0.017365246,AdaB,Testing
300,0.821812688,0.398906892,AdaB,Testing,0.721124618,0.476304779,AdaB,Testing,0.9872132,0.22827525,AdaB,Testing,0.996967939,0.025490049,AdaB,Testing
301,0.975478966,0.168949618,RF,Training,0.965239408,0.174105757,RF,Training,0.997649831,0.097420135,RF,Training,0.999675553,0.00821058,RF,Training
302,0.966640677,0.200150887,RF,Training,0.966985609,0.1686364,RF,Training,0.997442975,0.101013487,RF,Training,0.999651413,0.008401691,RF,Training
303,0.972477687,0.182958067,RF,Training,0.964593636,0.187088514,RF,Training,0.997730792,0.095429336,RF,Training,0.999696466,0.008111347,RF,Training
304,0.978365756,0.156786635,RF,Training,0.962805436,0.18617621,RF,Training,0.997698788,0.095980243,RF,Training,0.999763736,0.007004771,RF,Training
305,0.978365756,0.156786635,RF,Training,0.959475489,0.194860386,RF,Training,0.997432009,0.101157726,RF,Training,0.999687127,0.00804723,RF,Training
306,0.968207846,0.187967414,RF,Training,0.965010823,0.177343675,RF,Training,0.997472212,0.100839701,RF,Training,0.99978707,0.00661439,RF,Training
307,0.967399741,0.183867204,RF,Training,0.965108198,0.174011231,RF,Training,0.997576553,0.098798892,RF,Training,0.999685003,0.00817978,RF,Training
308,0.970798132,0.181225278,RF,Training,0.960577932,0.19647365,RF,Training,0.997852999,0.09273808,RF,Training,0.999807372,0.006367178,RF,Training
309,0.973852653,0.173935203,RF,Training,0.961457326,0.195789385,RF,Training,0.997764374,0.094882328,RF,Training,0.999673277,0.008356182,RF,Training
310,0.972094409,0.174735973,RF,Training,0.958579787,0.197445583,RF,Training,0.997476762,0.10113474,RF,Training,0.999678297,0.008251239,RF,Training
311,0.96583594,0.191557792,RF,Training,0.963454329,0.185067371,RF,Training,0.997521901,0.099809061,RF,Training,0.999798854,0.006525114,RF,Training
312,0.969666007,0.186153078,RF,Training,0.960080522,0.198763129,RF,Training,0.997671635,0.096552008,RF,Training,0.999790168,0.006670359,RF,Training
313,0.968632333,0.186055608,RF,Training,0.964589668,0.186982193,RF,Training,0.997828353,0.094502527,RF,Training,0.999713129,0.007889786,RF,Training
314,0.964281501,0.192831088,RF,Training,0.964652217,0.17475189,RF,Training,0.997748388,0.094810617,RF,Training,0.999784468,0.006722612,RF,Training
315,0.972028297,0.18132741,RF,Training,0.964652217,0.17475189,RF,Training,0.997859576,0.092061465,RF,Training,0.999751936,0.007220149,RF,Training
316,0.962464803,0.193598499,RF,Training,0.960143346,0.198631726,RF,Training,0.997713651,0.095587699,RF,Training,0.999726328,0.007642858,RF,Training
317,0.976662533,0.153066795,RF,Training,0.962670922,0.192823369,RF,Training,0.997860052,0.093119944,RF,Training,0.999682417,0.008152623,RF,Training
318,0.973193763,0.16881303,RF,Training,0.960847316,0.191030402,RF,Training,0.997816753,0.093942137,RF,Training,0.999662316,0.008491446,RF,Training
319,0.970407749,0.180501341,RF,Training,0.962938308,0.188297442,RF,Training,0.997779547,0.094307109,RF,Training,0.999732121,0.007578019,RF,Training
320,0.965440259,0.19336926,RF,Training,0.967529782,0.168540116,RF,Training,0.997686413,0.095488917,RF,Training,0.999643393,0.008534491,RF,Training
321,0.972009488,0.180776475,RF,Training,0.961577722,0.195916231,RF,Training,0.997570636,0.097607826,RF,Training,0.999708712,0.007949538,RF,Training
322,0.968811994,0.180377765,RF,Training,0.963589125,0.186274719,RF,Training,0.997440779,0.101048004,RF,Training,0.999653528,0.008594224,RF,Training
323,0.972482534,0.171926229,RF,Training,0.960330415,0.192548324,RF,Training,0.997648444,0.097472375,RF,Training,0.999683062,0.008274538,RF,Training
324,0.970509191,0.183010458,RF,Training,0.963588868,0.187363295,RF,Training,0.997709751,0.096257709,RF,Training,0.999695765,0.007903441,RF,Training
325,0.968666434,0.189777575,RF,Training,0.964735135,0.183482435,RF,Training,0.997623976,0.097260007,RF,Training,0.9997569,0.007165144,RF,Training
326,0.971058105,0.171259268,RF,Training,0.960476229,0.195741709,RF,Training,0.997797382,0.094052203,RF,Training,0.999656047,0.008468181,RF,Training
327,0.970075402,0.178529637,RF,Training,0.963608322,0.186063411,RF,Training,0.99799828,0.089052547,RF,Training,0.999657606,0.008378511,RF,Training
328,0.969269685,0.188990164,RF,Training,0.962964273,0.1839874,RF,Training,0.997523262,0.099009031,RF,Training,0.999806537,0.006349454,RF,Training
329,0.973300035,0.179165878,RF,Training,0.965613356,0.16900105,RF,Training,0.997463031,0.101802898,RF,Training,0.999707542,0.007789168,RF,Training
330,0.973690634,0.17428423,RF,Training,0.96212342,0.192423905,RF,Training,0.997990059,0.089346662,RF,Training,0.999705669,0.007847478,RF,Training
331,0.634203188,0.561541077,RF,Testing,0.711527938,0.569529806,RF,Testing,0.984683405,0.244142094,RF,Testing,0.998347299,0.019009735,RF,Testing
332,0.898748033,0.276742242,RF,Testing,0.674460284,0.613561349,RF,Testing,0.986557114,0.232785012,RF,Testing,0.99807876,0.021139329,RF,Testing
333,0.824900214,0.349696135,RF,Testing,0.691859297,0.490406527,RF,Testing,0.984679353,0.24625466,RF,Testing,0.998566448,0.016572908,RF,Testing
334,0.745179275,0.492083105,RF,Testing,0.754195285,0.483329221,RF,Testing,0.985976305,0.236756943,RF,Testing,0.997760648,0.022143319,RF,Testing
335,0.745179275,0.492083105,RF,Testing,0.754225496,0.479464844,RF,Testing,0.986395746,0.234771307,RF,Testing,0.998169421,0.020109946,RF,Testing
336,0.813473386,0.437278388,RF,Testing,0.692584006,0.568040262,RF,Testing,0.988570628,0.212108481,RF,Testing,0.997059377,0.025739141,RF,Testing
337,0.747403034,0.561479909,RF,Testing,0.679194875,0.605495322,RF,Testing,0.984544265,0.246232707,RF,Testing,0.997945829,0.020508462,RF,Testing
338,0.720111723,0.525066852,RF,Testing,0.743705087,0.455243094,RF,Testing,0.98549461,0.240387822,RF,Testing,0.99700092,0.025132136,RF,Testing
339,0.826247005,0.39225009,RF,Testing,0.749502645,0.436949009,RF,Testing,0.98749519,0.221450914,RF,Testing,0.99764001,0.021766899,RF,Testing
340,0.7985979,0.465642313,RF,Testing,0.785602321,0.444751969,RF,Testing,0.987393088,0.219907353,RF,Testing,0.998823613,0.015607459,RF,Testing
341,0.768957494,0.512522377,RF,Testing,0.763931445,0.469038234,RF,Testing,0.988617242,0.211946737,RF,Testing,0.996753495,0.025921432,RF,Testing
342,0.739178021,0.493031846,RF,Testing,0.785603571,0.408185839,RF,Testing,0.986109066,0.235569356,RF,Testing,0.996297123,0.027607153,RF,Testing
343,0.798609982,0.459193518,RF,Testing,0.736719486,0.454219414,RF,Testing,0.986779724,0.219708133,RF,Testing,0.99746358,0.021976394,RF,Testing
344,0.799731604,0.497101928,RF,Testing,0.739723459,0.547368322,RF,Testing,0.986301439,0.234460952,RF,Testing,0.996978476,0.02536512,RF,Testing
345,0.772225602,0.435011895,RF,Testing,0.739723459,0.547368322,RF,Testing,0.983823069,0.258407811,RF,Testing,0.99649902,0.027214412,RF,Testing
346,0.82418961,0.489337373,RF,Testing,0.707816996,0.476004864,RF,Testing,0.986551918,0.232411181,RF,Testing,0.997635175,0.021837862,RF,Testing
347,0.689133462,0.647070068,RF,Testing,0.713737009,0.465730031,RF,Testing,0.972661308,0.324403997,RF,Testing,0.998468914,0.018101277,RF,Testing
348,0.777381853,0.510316919,RF,Testing,0.751102258,0.486198088,RF,Testing,0.978020765,0.292026068,RF,Testing,0.998476294,0.017509977,RF,Testing
349,0.814175277,0.442988164,RF,Testing,0.746333456,0.471437124,RF,Testing,0.985723807,0.238685617,RF,Testing,0.997702506,0.021359182,RF,Testing
350,0.786994147,0.486974339,RF,Testing,0.652194748,0.623722064,RF,Testing,0.987446615,0.229043906,RF,Testing,0.998755615,0.016865047,RF,Testing
351,0.799825003,0.413215202,RF,Testing,0.786353904,0.398568215,RF,Testing,0.988241708,0.222943764,RF,Testing,0.997764067,0.02064038,RF,Testing
352,0.788799769,0.509573199,RF,Testing,0.714615393,0.502931825,RF,Testing,0.982681359,0.264427921,RF,Testing,0.996660173,0.02599557,RF,Testing
353,0.757408292,0.525092771,RF,Testing,0.731285986,0.503220276,RF,Testing,0.98664346,0.227808734,RF,Testing,0.99735038,0.022643101,RF,Testing
354,0.822260919,0.41135588,RF,Testing,0.714282432,0.493894439,RF,Testing,0.970830626,0.335514925,RF,Testing,0.99788568,0.021843148,RF,Testing
355,0.752814936,0.474126821,RF,Testing,0.753141057,0.466342126,RF,Testing,0.986093673,0.237684774,RF,Testing,0.997063222,0.024736565,RF,Testing
356,0.758456071,0.564309397,RF,Testing,0.747308212,0.460155055,RF,Testing,0.981310821,0.272002864,RF,Testing,0.998711818,0.016701256,RF,Testing
357,0.727693438,0.562181232,RF,Testing,0.749183433,0.473101018,RF,Testing,0.976017333,0.314394895,RF,Testing,0.997947901,0.021532826,RF,Testing
358,0.851454427,0.359646554,RF,Testing,0.680162369,0.566231628,RF,Testing,0.982159616,0.271498056,RF,Testing,0.99693008,0.025795689,RF,Testing
359,0.864696222,0.318905892,RF,Testing,0.707797651,0.603088163,RF,Testing,0.984933122,0.2374453,RF,Testing,0.99816769,0.020051502,RF,Testing
360,0.76295169,0.46009931,RF,Testing,0.754451432,0.44693931,RF,Testing,0.982516109,0.266929721,RF,Testing,0.998039422,0.020497165,RF,Testing
361,1,6.76E-17,DT,Training,1.00E+00,0.00E+00,DT,Training,1.00E+00,1.77E-17,DT,Training,1.00E+00,0.00E+00,DT,Training
362,1,5.77E-17,DT,Training,1.00E+00,0.00E+00,DT,Training,1.00E+00,0.00E+00,DT,Training,1.00E+00,0.00E+00,DT,Training
363,1,6.02E-17,DT,Training,1.00E+00,0.00E+00,DT,Training,1.00E+00,0.00E+00,DT,Training,1.00E+00,0.00E+00,DT,Training
364,1,5.75E-17,DT,Training,1.00E+00,0.00E+00,DT,Training,1.00E+00,0.00E+00,DT,Training,1.00E+00,0.00E+00,DT,Training
365,1,5.02E-17,DT,Training,1.00E+00,5.02E-17,DT,Training,1.00E+00,0.00E+00,DT,Training,1.00E+00,0.00E+00,DT,Training
366,1,6.85E-17,DT,Training,1.00E+00,0.00E+00,DT,Training,1.00E+00,1.77E-17,DT,Training,1.00E+00,0.00E+00,DT,Training
367,1,5.10E-17,DT,Training,1.00E+00,1.54E-17,DT,Training,1.00E+00,0.00E+00,DT,Training,1.00E+00,0.00E+00,DT,Training
368,1,5.68E-17,DT,Training,1.00E+00,0.00E+00,DT,Training,1.00E+00,8.87E-18,DT,Training,1.00E+00,0.00E+00,DT,Training
369,1,3.88E-17,DT,Training,1.00E+00,0.00E+00,DT,Training,1.00E+00,1.77E-17,DT,Training,1.00E+00,0.00E+00,DT,Training
370,1,5.08E-17,DT,Training,1.00E+00,0.00E+00,DT,Training,1.00E+00,3.07E-17,DT,Training,1.00E+00,0.00E+00,DT,Training
371,1,5.21E-17,DT,Training,1.00E+00,0.00E+00,DT,Training,1.00E+00,0.00E+00,DT,Training,1.00E+00,0.00E+00,DT,Training
372,1,7.28E-17,DT,Training,1.00E+00,0.00E+00,DT,Training,1.00E+00,0.00E+00,DT,Training,1.00E+00,0.00E+00,DT,Training
373,1,4.39E-17,DT,Training,1.00E+00,0.00E+00,DT,Training,1.00E+00,3.07E-17,DT,Training,1.00E+00,0.00E+00,DT,Training
374,1,3.07E-17,DT,Training,1.00E+00,0.00E+00,DT,Training,1.00E+00,0.00E+00,DT,Training,1.00E+00,0.00E+00,DT,Training
375,1,7.06E-17,DT,Training,1.00E+00,3.55E-17,DT,Training,1.00E+00,0.00E+00,DT,Training,1.00E+00,0.00E+00,DT,Training
376,1,2.47E-17,DT,Training,1.00E+00,0.00E+00,DT,Training,1.00E+00,0.00E+00,DT,Training,1.00E+00,0.00E+00,DT,Training
377,1,2.36E-17,DT,Training,1.00E+00,0.00E+00,DT,Training,1.00E+00,1.77E-17,DT,Training,1.00E+00,0.00E+00,DT,Training
378,1,6.93E-17,DT,Training,1.00E+00,0.00E+00,DT,Training,1.00E+00,2.51E-17,DT,Training,1.00E+00,0.00E+00,DT,Training
379,1,4.17E-17,DT,Training,1.00E+00,0.00E+00,DT,Training,1.00E+00,0.00E+00,DT,Training,1.00E+00,0.00E+00,DT,Training
380,1,5.31E-17,DT,Training,1.00E+00,0.00E+00,DT,Training,1.00E+00,0.00E+00,DT,Training,1.00E+00,0.00E+00,DT,Training
381,1,7.03E-17,DT,Training,1.00E+00,0.00E+00,DT,Training,1.00E+00,0.00E+00,DT,Training,1.00E+00,0.00E+00,DT,Training
382,1,3.99E-17,DT,Training,1.00E+00,0.00E+00,DT,Training,1.00E+00,0.00E+00,DT,Training,1.00E+00,0.00E+00,DT,Training
383,1,3.72E-17,DT,Training,1.00E+00,3.55E-17,DT,Training,1.00E+00,3.55E-17,DT,Training,1.00E+00,0.00E+00,DT,Training
384,1,6.69E-17,DT,Training,1.00E+00,0.00E+00,DT,Training,1.00E+00,8.87E-18,DT,Training,1.00E+00,0.00E+00,DT,Training
385,1,6.80E-17,DT,Training,1.00E+00,5.02E-17,DT,Training,1.00E+00,0.00E+00,DT,Training,1.00E+00,0.00E+00,DT,Training
386,1,2.67E-17,DT,Training,1.00E+00,0.00E+00,DT,Training,1.00E+00,1.77E-17,DT,Training,1.00E+00,0.00E+00,DT,Training
387,1,2.97E-17,DT,Training,1.00E+00,0.00E+00,DT,Training,1.00E+00,0.00E+00,DT,Training,1.00E+00,0.00E+00,DT,Training
388,1,6.21E-17,DT,Training,1.00E+00,0.00E+00,DT,Training,1.00E+00,0.00E+00,DT,Training,1.00E+00,0.00E+00,DT,Training
389,1,6.78E-17,DT,Training,1.00E+00,1.77E-17,DT,Training,1.00E+00,0.00E+00,DT,Training,1.00E+00,0.00E+00,DT,Training
390,1,7.18E-17,DT,Training,1.00E+00,5.02E-17,DT,Training,1.00E+00,0.00E+00,DT,Training,1.00E+00,0.00E+00,DT,Training
391,0.504019839,0.653873483,DT,Testing,0.586134224,0.6821727,DT,Testing,0.971134778,0.335157542,DT,Testing,0.99748582,0.023446454,DT,Testing
392,0.608774177,0.543985693,DT,Testing,0.487159104,0.770100363,DT,Testing,0.97591858,0.311565823,DT,Testing,0.997821594,0.022509705,DT,Testing
393,0.711275988,0.449044599,DT,Testing,0.491224133,0.630151477,DT,Testing,0.973831842,0.321834409,DT,Testing,0.996712836,0.025095896,DT,Testing
394,0.173434905,0.892069233,DT,Testing,0.574257071,0.636094543,DT,Testing,0.977323307,0.301065754,DT,Testing,0.99705542,0.025391782,DT,Testing
395,0.666818341,0.562680187,DT,Testing,0.594059267,0.616197129,DT,Testing,0.976388053,0.309295461,DT,Testing,0.995046625,0.033080134,DT,Testing
396,0.649815341,0.599150835,DT,Testing,0.546063327,0.6902613,DT,Testing,0.971495927,0.33496567,DT,Testing,0.9955091,0.031808343,DT,Testing
397,0.644031598,0.666539482,DT,Testing,0.46942131,0.778690802,DT,Testing,0.965350171,0.365724993,DT,Testing,0.997593256,0.022198813,DT,Testing
398,0.370256853,0.787596852,DT,Testing,0.422734347,0.683221039,DT,Testing,0.976636583,0.30508155,DT,Testing,0.994844953,0.032949718,DT,Testing
399,0.483594182,0.676226935,DT,Testing,0.561678086,0.577997259,DT,Testing,0.975972121,0.306970498,DT,Testing,0.995920525,0.028618287,DT,Testing
400,0.80970034,0.452625948,DT,Testing,0.559322413,0.637629381,DT,Testing,0.974639163,0.311901301,DT,Testing,0.997338008,0.023477962,DT,Testing
401,0.296308252,0.894454221,DT,Testing,0.541188643,0.653892346,DT,Testing,0.978134144,0.293755651,DT,Testing,0.996201746,0.028037738,DT,Testing
402,0.276665498,0.821055414,DT,Testing,0.568714058,0.578937673,DT,Testing,0.978516648,0.292957142,DT,Testing,0.994915603,0.032349807,DT,Testing
403,0.732026928,0.529690709,DT,Testing,0.610359623,0.552571284,DT,Testing,0.974628865,0.304365776,DT,Testing,0.994402341,0.032647435,DT,Testing
404,0.662220834,0.645588324,DT,Testing,0.61462914,0.664372864,DT,Testing,0.976707033,0.305735211,DT,Testing,0.996171641,0.028551585,DT,Testing
405,0.506344083,0.640414051,DT,Testing,0.459469477,0.788809728,DT,Testing,0.972326793,0.337977125,DT,Testing,0.993886147,0.035963471,DT,Testing
406,0.787576197,0.537882862,DT,Testing,0.378867773,0.69402633,DT,Testing,0.981600483,0.271850445,DT,Testing,0.99364665,0.035794146,DT,Testing
407,0.611319827,0.72353662,DT,Testing,0.291519294,0.732682222,DT,Testing,0.957326489,0.40529992,DT,Testing,0.996003307,0.029245554,DT,Testing
408,0.479678887,0.780181072,DT,Testing,0.527813364,0.669668104,DT,Testing,0.970164583,0.340236883,DT,Testing,0.995538244,0.029963175,DT,Testing
409,0.79635131,0.463747078,DT,Testing,0.630901804,0.5686737,DT,Testing,0.972199066,0.333080903,DT,Testing,0.996527981,0.026257204,DT,Testing
410,0.596386048,0.670337311,DT,Testing,0.42568336,0.801491164,DT,Testing,0.977578891,0.306102487,DT,Testing,0.996560282,0.028039583,DT,Testing
411,0.282448034,0.782344538,DT,Testing,0.459633706,0.6338687,DT,Testing,0.971628437,0.346309843,DT,Testing,0.995731879,0.028517188,DT,Testing
412,0.545888149,0.747206777,DT,Testing,0.441286018,0.703701726,DT,Testing,0.97052332,0.344976644,DT,Testing,0.994946228,0.03197755,DT,Testing
413,0.146395764,0.984977577,DT,Testing,0.499432826,0.686821935,DT,Testing,0.976071811,0.304914657,DT,Testing,0.994773447,0.031801809,DT,Testing
414,0.602477703,0.615186775,DT,Testing,0.438396164,0.692437686,DT,Testing,0.950354619,0.437711256,DT,Testing,0.996570191,0.027820489,DT,Testing
415,0.442370252,0.712125239,DT,Testing,0.520568138,0.649895697,DT,Testing,0.971284457,0.341549499,DT,Testing,0.996553177,0.026798676,DT,Testing
416,0.726629782,0.600336596,DT,Testing,0.607418786,0.57355278,DT,Testing,0.968239886,0.354584209,DT,Testing,0.996799501,0.026325055,DT,Testing
417,0.476008488,0.779847017,DT,Testing,0.641259909,0.56580363,DT,Testing,0.959347027,0.409329369,DT,Testing,0.994199962,0.036200725,DT,Testing
418,0.511398693,0.652263925,DT,Testing,0.022387512,0.989948757,DT,Testing,0.963244502,0.389695844,DT,Testing,0.995084983,0.032639699,DT,Testing
419,0.803251018,0.384559752,DT,Testing,0.548891747,0.749340731,DT,Testing,0.974568742,0.308486291,DT,Testing,0.995864913,0.030122413,DT,Testing
420,0.450824665,0.700307315,DT,Testing,0.534664581,0.615265985,DT,Testing,0.968888327,0.356073428,DT,Testing,0.995848644,0.029826118,DT,Testing
421,0.510681048,0.754716502,DSVR,Training,0.649894366,0.552546839,DSVR,Training,0.966776102,0.366289513,DSVR,Training,0.993140069,0.037753888,DSVR,Training
422,0.450203579,0.812549559,DSVR,Training,0.682939283,0.522601793,DSVR,Training,0.963847405,0.379823305,DSVR,Training,0.993549647,0.0361412,DSVR,Training
423,0.496665552,0.782415461,DSVR,Training,0.639646064,0.596858101,DSVR,Training,0.964237293,0.378843572,DSVR,Training,0.993444769,0.037694959,DSVR,Training
424,0.482035137,0.765763575,DSVR,Training,0.6538274,0.567977056,DSVR,Training,0.965714391,0.370475507,DSVR,Training,0.993652006,0.036308946,DSVR,Training
425,0.482532941,0.766795463,DSVR,Training,0.614365966,0.601107773,DSVR,Training,0.9655063,0.370742346,DSVR,Training,0.993138322,0.037685798,DSVR,Training
426,0.491845368,0.751485377,DSVR,Training,0.660030705,0.552800832,DSVR,Training,0.964340391,0.378747284,DSVR,Training,0.99367722,0.036043365,DSVR,Training
427,0.539325481,0.691179491,DSVR,Training,0.6834028,0.524166319,DSVR,Training,0.96500062,0.376401977,DSVR,Training,0.993105623,0.038268026,DSVR,Training
428,0.502312607,0.748155336,DSVR,Training,0.625697196,0.60540521,DSVR,Training,0.965303048,0.372810099,DSVR,Training,0.993940935,0.035709992,DSVR,Training
429,0.481856666,0.774281056,DSVR,Training,0.628390543,0.607941237,DSVR,Training,0.964362253,0.378826985,DSVR,Training,0.993613958,0.036943126,DSVR,Training
430,0.496367505,0.742324136,DSVR,Training,0.642614726,0.579975415,DSVR,Training,0.964423925,0.379752157,DSVR,Training,0.993231732,0.037846892,DSVR,Training
431,0.514340253,0.722239342,DSVR,Training,0.643560292,0.577969505,DSVR,Training,0.965322189,0.373367457,DSVR,Training,0.994159362,0.035161101,DSVR,Training
432,0.465049312,0.781739953,DSVR,Training,0.644904631,0.592810523,DSVR,Training,0.965457509,0.371888394,DSVR,Training,0.994141005,0.035247247,DSVR,Training
433,0.507732987,0.737058607,DSVR,Training,0.629122038,0.605132903,DSVR,Training,0.966279447,0.372388395,DSVR,Training,0.993337352,0.038022898,DSVR,Training
434,0.505497581,0.71748803,DSVR,Training,0.635309484,0.562147458,DSVR,Training,0.964016482,0.379019904,DSVR,Training,0.993479707,0.036975679,DSVR,Training
435,0.469894067,0.789378576,DSVR,Training,0.645069748,0.553748169,DSVR,Training,0.966598344,0.363673786,DSVR,Training,0.993789674,0.036126158,DSVR,Training
436,0.522389425,0.690588913,DSVR,Training,0.632864317,0.6028531,DSVR,Training,0.966635882,0.365149401,DSVR,Training,0.993588669,0.036992575,DSVR,Training
437,0.539634858,0.679837854,DSVR,Training,0.63821212,0.600292672,DSVR,Training,0.965156231,0.375754056,DSVR,Training,0.993124378,0.037933671,DSVR,Training
438,0.504805344,0.725564484,DSVR,Training,0.641458173,0.578084908,DSVR,Training,0.965624968,0.372761048,DSVR,Training,0.993351935,0.037676808,DSVR,Training
439,0.499593994,0.742254239,DSVR,Training,0.63887599,0.587773475,DSVR,Training,0.965032541,0.374244719,DSVR,Training,0.993692778,0.03677097,DSVR,Training
440,0.500257091,0.735318538,DSVR,Training,0.657864633,0.54709113,DSVR,Training,0.963730561,0.378077195,DSVR,Training,0.993077361,0.03760266,DSVR,Training
441,0.492530318,0.769735552,DSVR,Training,0.626911886,0.610498457,DSVR,Training,0.961871446,0.386690478,DSVR,Training,0.993423814,0.037771801,DSVR,Training
442,0.525655306,0.703454837,DSVR,Training,0.636482556,0.588573883,DSVR,Training,0.964845723,0.374509579,DSVR,Training,0.99379884,0.036358745,DSVR,Training
443,0.509185764,0.726100096,DSVR,Training,0.64573784,0.575404559,DSVR,Training,0.965716061,0.372176787,DSVR,Training,0.993266902,0.03813853,DSVR,Training
444,0.480567212,0.768063706,DSVR,Training,0.6394527,0.586684355,DSVR,Training,0.96564875,0.372791,DSVR,Training,0.993141851,0.037524495,DSVR,Training
445,0.487921687,0.76719925,DSVR,Training,0.6394527,0.586684355,DSVR,Training,0.963702657,0.382854028,DSVR,Training,0.993586305,0.036803272,DSVR,Training
446,0.530834987,0.689530385,DSVR,Training,0.637116774,0.59311326,DSVR,Training,0.965361842,0.3729725,DSVR,Training,0.993351251,0.0372315,DSVR,Training
447,0.495631449,0.73294293,DSVR,Training,0.639779341,0.585388577,DSVR,Training,0.964886196,0.372978387,DSVR,Training,0.993072507,0.037687031,DSVR,Training
448,0.489183366,0.770527618,DSVR,Training,0.630762769,0.580938804,DSVR,Training,0.965264961,0.370782022,DSVR,Training,0.993684786,0.036277047,DSVR,Training
449,0.46317234,0.803373306,DSVR,Training,0.649249631,0.539751146,DSVR,Training,0.96670793,0.368784788,DSVR,Training,0.993331787,0.037193221,DSVR,Training
450,0.488146481,0.768733388,DSVR,Training,0.62523878,0.605272534,DSVR,Training,0.964612682,0.374895699,DSVR,Training,0.993036359,0.038170724,DSVR,Training
451,0.496976216,0.658500081,DSVR,Testing,0.571584644,0.694060122,DSVR,Testing,0.946184238,0.457631899,DSVR,Testing,0.989689338,0.047481258,DSVR,Testing
452,0.744960995,0.439214859,DSVR,Testing,0.539009811,0.730132776,DSVR,Testing,0.95267157,0.436787107,DSVR,Testing,0.983366881,0.062199554,DSVR,Testing
453,0.5892435,0.535599605,DSVR,Testing,0.666353194,0.510299559,DSVR,Testing,0.953483701,0.429090085,DSVR,Testing,0.990623627,0.042384731,DSVR,Testing
454,0.591825739,0.626877725,DSVR,Testing,0.604129129,0.613373094,DSVR,Testing,0.952588937,0.435322727,DSVR,Testing,0.989681443,0.047532535,DSVR,Testing
455,0.56015136,0.646506219,DSVR,Testing,0.617148299,0.598416618,DSVR,Testing,0.954764288,0.428103087,DSVR,Testing,0.992304675,0.041231594,DSVR,Testing
456,0.526451376,0.696738647,DSVR,Testing,0.565189233,0.675563278,DSVR,Testing,0.95891928,0.402129436,DSVR,Testing,0.989296783,0.049105656,DSVR,Testing
457,0.425927301,0.846454469,DSVR,Testing,0.511172775,0.747425372,DSVR,Testing,0.95743535,0.405348552,DSVR,Testing,0.987492811,0.050605146,DSVR,Testing
458,0.490652636,0.70831963,DSVR,Testing,0.687718327,0.502512213,DSVR,Testing,0.944667985,0.469500442,DSVR,Testing,0.981449696,0.062504443,DSVR,Testing
459,0.567148678,0.619107801,DSVR,Testing,0.670521767,0.50112094,DSVR,Testing,0.95057001,0.440285297,DSVR,Testing,0.984032221,0.056619199,DSVR,Testing
460,0.531118416,0.71048028,DSVR,Testing,0.62239687,0.590235914,DSVR,Testing,0.954881353,0.416019251,DSVR,Testing,0.991444079,0.042091111,DSVR,Testing
461,0.473592618,0.77362033,DSVR,Testing,0.603156357,0.608133444,DSVR,Testing,0.95239909,0.433421664,DSVR,Testing,0.982567332,0.060066577,DSVR,Testing
462,0.603295135,0.608046289,DSVR,Testing,0.655581015,0.517359825,DSVR,Testing,0.954083976,0.428287306,DSVR,Testing,0.988000363,0.049697672,DSVR,Testing
463,0.439318908,0.766186919,DSVR,Testing,0.680623882,0.500273563,DSVR,Testing,0.952695119,0.415603168,DSVR,Testing,0.990182643,0.043235763,DSVR,Testing
464,0.416926112,0.848205402,DSVR,Testing,0.540868536,0.725171917,DSVR,Testing,0.95558064,0.422200945,DSVR,Testing,0.988121725,0.050292194,DSVR,Testing
465,0.653068448,0.536871782,DSVR,Testing,0.536061407,0.730789665,DSVR,Testing,0.949951793,0.454518775,DSVR,Testing,0.98791265,0.050567289,DSVR,Testing
466,0.39463971,0.908015122,DSVR,Testing,0.683030475,0.495784186,DSVR,Testing,0.952602006,0.436321711,DSVR,Testing,0.98777596,0.049649856,DSVR,Testing
467,0.416475708,0.886530727,DSVR,Testing,0.641393971,0.521267242,DSVR,Testing,0.957446839,0.404727991,DSVR,Testing,0.991281174,0.043195494,DSVR,Testing
468,0.448264491,0.803387653,DSVR,Testing,0.590321821,0.623769571,DSVR,Testing,0.951243437,0.434942533,DSVR,Testing,0.988451578,0.048205463,DSVR,Testing
469,0.512159522,0.717760067,DSVR,Testing,0.625088539,0.573134486,DSVR,Testing,0.954618231,0.425559951,DSVR,Testing,0.987763566,0.049292958,DSVR,Testing
470,0.493348882,0.751043013,DSVR,Testing,0.548901153,0.710327941,DSVR,Testing,0.957337424,0.422242404,DSVR,Testing,0.988448798,0.051383503,DSVR,Testing
471,0.577922069,0.600022723,DSVR,Testing,0.709586771,0.464690056,DSVR,Testing,0.960660882,0.407789004,DSVR,Testing,0.988001935,0.047812772,DSVR,Testing
472,0.400085741,0.858823613,DSVR,Testing,0.637502896,0.566821241,DSVR,Testing,0.954441044,0.428881481,DSVR,Testing,0.982022301,0.060312098,DSVR,Testing
473,0.498116419,0.755265344,DSVR,Testing,0.618749554,0.599401953,DSVR,Testing,0.952423782,0.429950383,DSVR,Testing,0.988367027,0.047444897,DSVR,Testing
474,0.577445054,0.634260753,DSVR,Testing,0.612778352,0.584063451,DSVR,Testing,0.952275616,0.429159233,DSVR,Testing,0.986352576,0.055495169,DSVR,Testing
475,0.570757259,0.624791181,DSVR,Testing,0.612778352,0.584063451,DSVR,Testing,0.953346867,0.42603786,DSVR,Testing,0.988267106,0.049443181,DSVR,Testing
476,0.394152083,0.893719078,DSVR,Testing,0.646785619,0.544036229,DSVR,Testing,0.954521475,0.424308323,DSVR,Testing,0.98991647,0.046726876,DSVR,Testing
477,0.47219476,0.782679823,DSVR,Testing,0.659020382,0.551619972,DSVR,Testing,0.95527739,0.429329093,DSVR,Testing,0.988548458,0.050866732,DSVR,Testing
478,0.588272124,0.598757799,DSVR,Testing,0.59568187,0.636635647,DSVR,Testing,0.956081305,0.425980122,DSVR,Testing,0.990454098,0.045487506,DSVR,Testing
479,0.712462285,0.464895123,DSVR,Testing,0.497862659,0.79058799,DSVR,Testing,0.942192139,0.465098991,DSVR,Testing,0.989328019,0.048391595,DSVR,Testing
480,0.529333175,0.648320785,DSVR,Testing,0.681562589,0.508969658,DSVR,Testing,0.954695797,0.429681971,DSVR,Testing,0.991139925,0.043573296,DSVR,Testing
481,0.816952373,0.461604336,TSVR,Training,0.803088619,0.414385888,TSVR,Training,0.984574171,0.249587855,TSVR,Training,0.998599213,0.017060347,TSVR,Training
482,0.88319644,0.374521664,TSVR,Training,0.818434445,0.395472608,TSVR,Training,0.991354237,0.18574346,TSVR,Training,0.998415356,0.017913345,TSVR,Training
483,0.810062477,0.480633991,TSVR,Training,0.777472634,0.469027353,TSVR,Training,0.984292426,0.251072582,TSVR,Training,0.998175496,0.019886653,TSVR,Training
484,0.90210278,0.332912218,TSVR,Training,0.800378319,0.431308783,TSVR,Training,0.981527158,0.271938328,TSVR,Training,0.997048748,0.024757028,TSVR,Training
485,0.854299935,0.406881602,TSVR,Training,0.822880683,0.407378055,TSVR,Training,0.981402237,0.272227919,TSVR,Training,0.998268298,0.018932112,TSVR,Training
486,0.82358911,0.442777236,TSVR,Training,0.823046573,0.398821287,TSVR,Training,0.987460054,0.224599649,TSVR,Training,0.99846695,0.017747999,TSVR,Training
487,0.771953003,0.486301856,TSVR,Training,0.830262655,0.383799389,TSVR,Training,0.989613092,0.2050524,TSVR,Training,0.995601677,0.030565543,TSVR,Training
488,0.884307595,0.360716395,TSVR,Training,0.772355454,0.472131785,TSVR,Training,0.985225846,0.243272666,TSVR,Training,0.998915124,0.015110437,TSVR,Training
489,0.852963831,0.41246373,TSVR,Training,0.785366475,0.462026625,TSVR,Training,0.991346146,0.186676894,TSVR,Training,0.997373359,0.023692895,TSVR,Training
490,0.859882647,0.391545893,TSVR,Training,0.763386558,0.471911938,TSVR,Training,0.981302136,0.275306988,TSVR,Training,0.9984524,0.018097594,TSVR,Training
491,0.796873555,0.467087581,TSVR,Training,0.77356078,0.460667644,TSVR,Training,0.991845736,0.181051865,TSVR,Training,0.999435515,0.010930962,TSVR,Training
492,0.824967398,0.447162018,TSVR,Training,0.745982197,0.501389781,TSVR,Training,0.983701358,0.255453296,TSVR,Training,0.998271387,0.019145315,TSVR,Training
493,0.794659706,0.476034846,TSVR,Training,0.755626046,0.491204924,TSVR,Training,0.984559451,0.251988175,TSVR,Training,0.998495328,0.018069358,TSVR,Training
494,0.830418923,0.420164296,TSVR,Training,0.80284088,0.413329548,TSVR,Training,0.991782673,0.181123783,TSVR,Training,0.996633723,0.026567918,TSVR,Training
495,0.881352962,0.373449991,TSVR,Training,0.735702598,0.477845214,TSVR,Training,0.985433079,0.240166201,TSVR,Training,0.996890263,0.02556386,TSVR,Training
496,0.828056318,0.414358017,TSVR,Training,0.768553363,0.478656143,TSVR,Training,0.985036383,0.244539524,TSVR,Training,0.997940323,0.020967179,TSVR,Training
497,0.857207239,0.3786232,TSVR,Training,0.777639986,0.470613499,TSVR,Training,0.983331941,0.259886444,TSVR,Training,0.997773124,0.021588223,TSVR,Training
498,0.809222404,0.450351618,TSVR,Training,0.792451259,0.439826881,TSVR,Training,0.991855798,0.181440084,TSVR,Training,0.999227212,0.012845668,TSVR,Training
499,0.83693762,0.423709614,TSVR,Training,0.776549238,0.462351979,TSVR,Training,0.988828742,0.211531321,TSVR,Training,0.996782924,0.02626133,TSVR,Training
500,0.881751724,0.357684075,TSVR,Training,0.835604119,0.379233028,TSVR,Training,0.989996789,0.198554525,TSVR,Training,0.998177239,0.019295127,TSVR,Training
501,0.852640668,0.414787172,TSVR,Training,0.776049496,0.472993188,TSVR,Training,0.9825793,0.261379255,TSVR,Training,0.9964357,0.027807871,TSVR,Training
502,0.848348403,0.397752293,TSVR,Training,0.720873236,0.515749837,TSVR,Training,0.982156707,0.26681568,TSVR,Training,0.998534971,0.017672398,TSVR,Training
503,0.849015787,0.402720455,TSVR,Training,0.787433371,0.44571624,TSVR,Training,0.983027519,0.261864479,TSVR,Training,0.997893891,0.021330299,TSVR,Training
504,0.858200501,0.401300695,TSVR,Training,0.813876906,0.42361132,TSVR,Training,0.991934394,0.180639467,TSVR,Training,0.997730945,0.021584096,TSVR,Training
505,0.856354153,0.406337136,TSVR,Training,0.808045302,0.428077849,TSVR,Training,0.975747976,0.312946283,TSVR,Training,0.997961785,0.020747094,TSVR,Training
506,0.802687686,0.447164887,TSVR,Training,0.765752548,0.476531511,TSVR,Training,0.990883148,0.191347094,TSVR,Training,0.998970339,0.01465169,TSVR,Training
507,0.845382974,0.405811938,TSVR,Training,0.771799886,0.465926984,TSVR,Training,0.984043883,0.251424929,TSVR,Training,0.99688117,0.025287143,TSVR,Training
508,0.894448667,0.350257589,TSVR,Training,0.793826659,0.434104111,TSVR,Training,0.983320423,0.256937382,TSVR,Training,0.999018233,0.014303495,TSVR,Training
509,0.823040496,0.461250554,TSVR,Training,0.838498882,0.366253911,TSVR,Training,0.983751196,0.25764,TSVR,Training,0.99870265,0.016405434,TSVR,Training
510,0.811653982,0.466316861,TSVR,Training,0.774696866,0.469307248,TSVR,Training,0.990799874,0.191154052,TSVR,Training,0.998122496,0.019819954,TSVR,Training
511,0.593995514,0.591598397,TSVR,Testing,0.660873104,0.617512417,TSVR,Testing,0.957747443,0.405497368,TSVR,Testing,0.995261429,0.032188643,TSVR,Testing
512,0.802449534,0.386556296,TSVR,Testing,0.646196392,0.639642234,TSVR,Testing,0.962163314,0.390539808,TSVR,Testing,0.980302567,0.067686997,TSVR,Testing
513,0.750408149,0.417506486,TSVR,Testing,0.701138227,0.482966371,TSVR,Testing,0.965825996,0.367784848,TSVR,Testing,0.993563488,0.03511699,TSVR,Testing
514,0.711996489,0.526573406,TSVR,Testing,0.688958868,0.543696904,TSVR,Testing,0.96652154,0.365808869,TSVR,Testing,0.991692607,0.042649494,TSVR,Testing
515,0.703811893,0.53052382,TSVR,Testing,0.686677303,0.541357656,TSVR,Testing,0.96619307,0.370092698,TSVR,Testing,0.996281514,0.028661553,TSVR,Testing
516,0.698741726,0.555721377,TSVR,Testing,0.620168504,0.631409885,TSVR,Testing,0.969202095,0.348182892,TSVR,Testing,0.984219915,0.059625086,TSVR,Testing
517,0.606231416,0.701036592,TSVR,Testing,0.603260044,0.673353488,TSVR,Testing,0.962862719,0.378624877,TSVR,Testing,0.981243739,0.061970922,TSVR,Testing
518,0.663770072,0.57549351,TSVR,Testing,0.740544078,0.458041856,TSVR,Testing,0.959009025,0.404102826,TSVR,Testing,0.984796825,0.056585156,TSVR,Testing
519,0.749324465,0.471143146,TSVR,Testing,0.707568373,0.472107997,TSVR,Testing,0.964444438,0.373415802,TSVR,Testing,0.989108567,0.04676102,TSVR,Testing
520,0.71436049,0.554535789,TSVR,Testing,0.701607426,0.524688862,TSVR,Testing,0.965829998,0.362041118,TSVR,Testing,0.995222375,0.031453069,TSVR,Testing
521,0.673178297,0.609568243,TSVR,Testing,0.693664784,0.53430303,TSVR,Testing,0.957226617,0.410856146,TSVR,Testing,0.974258247,0.072991118,TSVR,Testing
522,0.713940676,0.516334249,TSVR,Testing,0.715439935,0.470257939,TSVR,Testing,0.966721809,0.364613651,TSVR,Testing,0.99183515,0.040994548,TSVR,Testing
523,0.731784088,0.52993066,TSVR,Testing,0.727364357,0.462218848,TSVR,Testing,0.964741589,0.358803967,TSVR,Testing,0.995150188,0.030388432,TSVR,Testing
524,0.690606722,0.617866536,TSVR,Testing,0.649449411,0.633647609,TSVR,Testing,0.958490066,0.408139918,TSVR,Testing,0.979991123,0.065273253,TSVR,Testing
525,0.657672727,0.533297354,TSVR,Testing,0.610046633,0.669990251,TSVR,Testing,0.961853062,0.396814386,TSVR,Testing,0.982912849,0.060122764,TSVR,Testing
526,0.650959147,0.689484087,TSVR,Testing,0.72674425,0.460329248,TSVR,Testing,0.962791476,0.386587727,TSVR,Testing,0.991894523,0.040429642,TSVR,Testing
527,0.625415532,0.710295733,TSVR,Testing,0.689638133,0.484937554,TSVR,Testing,0.97025975,0.338352691,TSVR,Testing,0.994511945,0.034270359,TSVR,Testing
528,0.688185933,0.603959111,TSVR,Testing,0.677797313,0.553181118,TSVR,Testing,0.959038447,0.398660811,TSVR,Testing,0.984993603,0.054950692,TSVR,Testing
529,0.756160709,0.507448788,TSVR,Testing,0.719711106,0.495558726,TSVR,Testing,0.965146719,0.372942498,TSVR,Testing,0.991637309,0.040750267,TSVR,Testing
530,0.690020882,0.5874576,TSVR,Testing,0.644885196,0.630242126,TSVR,Testing,0.970275396,0.352449057,TSVR,Testing,0.98134744,0.065294912,TSVR,Testing
531,0.675915632,0.525775588,TSVR,Testing,0.75752058,0.424612352,TSVR,Testing,0.972143189,0.34315387,TSVR,Testing,0.990634516,0.042242871,TSVR,Testing
532,0.664671508,0.642088087,TSVR,Testing,0.697980547,0.517381987,TSVR,Testing,0.968280466,0.357860537,TSVR,Testing,0.990450347,0.043957317,TSVR,Testing
533,0.761802093,0.520315824,TSVR,Testing,0.677134824,0.551599134,TSVR,Testing,0.968093531,0.352097347,TSVR,Testing,0.9931924,0.036294529,TSVR,Testing
534,0.682873879,0.549467806,TSVR,Testing,0.672618306,0.528679973,TSVR,Testing,0.958958559,0.397978486,TSVR,Testing,0.98950461,0.048666389,TSVR,Testing
535,0.676766602,0.542177542,TSVR,Testing,0.654390929,0.551788673,TSVR,Testing,0.964318386,0.372589005,TSVR,Testing,0.992227548,0.040242305,TSVR,Testing
536,0.580945224,0.743283713,TSVR,Testing,0.716280672,0.487588096,TSVR,Testing,0.964708682,0.373776766,TSVR,Testing,0.9890635,0.048663085,TSVR,Testing
537,0.639591333,0.646762606,TSVR,Testing,0.692076021,0.524200617,TSVR,Testing,0.966729781,0.370300741,TSVR,Testing,0.991135253,0.044754328,TSVR,Testing
538,0.753285213,0.463493488,TSVR,Testing,0.646937501,0.594915302,TSVR,Testing,0.968245759,0.362214216,TSVR,Testing,0.99390135,0.036358042,TSVR,Testing
539,0.773808962,0.412330327,TSVR,Testing,0.600734272,0.704968918,TSVR,Testing,0.958728283,0.392987031,TSVR,Testing,0.99278177,0.03979814,TSVR,Testing
540,0.716589641,0.503084586,TSVR,Testing,0.736459872,0.463023707,TSVR,Testing,0.963330726,0.386570793,TSVR,Testing,0.988808235,0.048972357,TSVR,Testing
541,0.264618523,0.925218207,LR,Training,0.477179735,0.675220711,LR,Training,0.874370302,0.71227114,LR,Training,0.947649232,0.104294965,LR,Training
542,0.24584216,0.951656087,LR,Training,0.491154131,0.66205307,LR,Training,0.867594273,0.726884243,LR,Training,0.949378889,0.101245722,LR,Training
543,0.256782094,0.950751849,LR,Training,0.460786096,0.730107817,LR,Training,0.874611586,0.709371005,LR,Training,0.947306455,0.106872998,LR,Training
544,0.243382621,0.925513399,LR,Training,0.473046291,0.70076222,LR,Training,0.873459535,0.711734928,LR,Training,0.94649393,0.105413663,LR,Training
545,0.251113657,0.922457011,LR,Training,0.467041878,0.706661138,LR,Training,0.870295687,0.718918257,LR,Training,0.945234853,0.106466919,LR,Training
546,0.259107889,0.907402717,LR,Training,0.474116926,0.687532825,LR,Training,0.871330183,0.719448278,LR,Training,0.94608369,0.105252248,LR,Training
547,0.288312242,0.859089667,LR,Training,0.502762429,0.656897403,LR,Training,0.871169774,0.722155306,LR,Training,0.948812678,0.104272495,LR,Training
548,0.266656331,0.908170167,LR,Training,0.462609539,0.725403406,LR,Training,0.874272092,0.709672291,LR,Training,0.946984921,0.105629852,LR,Training
549,0.254389367,0.928816073,LR,Training,0.464939625,0.729490464,LR,Training,0.875865651,0.707020118,LR,Training,0.949771519,0.103607876,LR,Training
550,0.25224186,0.904518147,LR,Training,0.464246636,0.710106864,LR,Training,0.873243892,0.716812681,LR,Training,0.943789985,0.109068236,LR,Training
551,0.258183317,0.892613364,LR,Training,0.474474712,0.701792454,LR,Training,0.871738168,0.7180577,LR,Training,0.949218063,0.103678081,LR,Training
552,0.24903558,0.926222045,LR,Training,0.473472924,0.721861292,LR,Training,0.872688382,0.713953317,LR,Training,0.946848066,0.106163002,LR,Training
553,0.265550804,0.900290225,LR,Training,0.461713488,0.729024296,LR,Training,0.87189356,0.725828933,LR,Training,0.947975507,0.106249212,LR,Training
554,0.267584972,0.873190643,LR,Training,0.478909961,0.671961518,LR,Training,0.875627077,0.704649463,LR,Training,0.949437576,0.102966639,LR,Training
555,0.257229912,0.934396506,LR,Training,0.473259311,0.674588958,LR,Training,0.873313899,0.708259622,LR,Training,0.946949797,0.105586426,LR,Training
556,0.274751109,0.85099336,LR,Training,0.457341706,0.732928185,LR,Training,0.870431211,0.719583123,LR,Training,0.946378645,0.106981669,LR,Training
557,0.279166976,0.850690267,LR,Training,0.475831088,0.722556254,LR,Training,0.876213058,0.708236873,LR,Training,0.948950347,0.103363042,LR,Training
558,0.27323369,0.878993037,LR,Training,0.473035489,0.700829544,LR,Training,0.877300174,0.704256629,LR,Training,0.945984111,0.107395784,LR,Training
559,0.261073414,0.901969965,LR,Training,0.478190241,0.706541865,LR,Training,0.870973956,0.71888982,LR,Training,0.949433838,0.104115651,LR,Training
560,0.266975735,0.890556279,LR,Training,0.478225361,0.675619493,LR,Training,0.86956129,0.716990355,LR,Training,0.945323036,0.105678083,LR,Training
561,0.26569994,0.9259196,LR,Training,0.45864303,0.735395098,LR,Training,0.87050164,0.712640412,LR,Training,0.949472297,0.104699696,LR,Training
562,0.264900638,0.875713853,LR,Training,0.470038802,0.710657585,LR,Training,0.87329271,0.711008264,LR,Training,0.953828823,0.099210557,LR,Training
563,0.275227525,0.882345682,LR,Training,0.471685064,0.702679624,LR,Training,0.876092678,0.707542306,LR,Training,0.949952752,0.103979227,LR,Training
564,0.236521972,0.931173987,LR,Training,0.47045331,0.714528498,LR,Training,0.8730763,0.716581357,LR,Training,0.944903753,0.106358551,LR,Training
565,0.247389976,0.930090005,LR,Training,0.476167855,0.707162881,LR,Training,0.875914551,0.707874442,LR,Training,0.950723728,0.10201199,LR,Training
566,0.282196811,0.852890528,LR,Training,0.471393166,0.715847601,LR,Training,0.87033785,0.721615789,LR,Training,0.946421538,0.105690434,LR,Training
567,0.256104442,0.890127346,LR,Training,0.467052575,0.712036275,LR,Training,0.873093675,0.709065511,LR,Training,0.946841755,0.104397285,LR,Training
568,0.247060557,0.935482609,LR,Training,0.467268939,0.697801105,LR,Training,0.870300711,0.716479172,LR,Training,0.949372959,0.102713887,LR,Training
569,0.240247858,0.955731547,LR,Training,0.488959658,0.651511517,LR,Training,0.875006025,0.714573878,LR,Training,0.948283353,0.103579605,LR,Training
570,0.25568899,0.927000821,LR,Training,0.467746936,0.721327901,LR,Training,0.870898262,0.716065377,LR,Training,0.947442798,0.104864463,LR,Training
571,0.241711214,0.808497887,LR,Testing,0.44111029,0.792734272,LR,Testing,0.865360039,0.723849921,LR,Testing,0.946032807,0.10862852,LR,Testing
572,0.32576819,0.714131748,LR,Testing,0.414772026,0.822656515,LR,Testing,0.885585429,0.679124551,LR,Testing,0.94116658,0.116980231,LR,Testing
573,0.269510376,0.714257898,LR,Testing,0.497667046,0.626148784,LR,Testing,0.864669473,0.731886589,LR,Testing,0.94694817,0.100818953,LR,Testing
574,0.328535575,0.804028669,LR,Testing,0.455769326,0.719183071,LR,Testing,0.868544633,0.724870887,LR,Testing,0.94927483,0.105388506,LR,Testing
575,0.301752262,0.814565194,LR,Testing,0.472757192,0.702253135,LR,Testing,0.877755611,0.703756005,LR,Testing,0.952953206,0.101948692,LR,Testing
576,0.271548138,0.864147822,LR,Testing,0.454676545,0.756559307,LR,Testing,0.874937143,0.701634625,LR,Testing,0.950204001,0.105918439,LR,Testing
577,0.195209274,1.002216705,LR,Testing,0.388213296,0.836161487,LR,Testing,0.875259702,0.693916926,LR,Testing,0.941814068,0.10915002,LR,Testing
578,0.240920085,0.864701071,LR,Testing,0.483066096,0.646533274,LR,Testing,0.865814962,0.731138758,LR,Testing,0.948184652,0.104463504,LR,Testing
579,0.289898294,0.792970772,LR,Testing,0.480412507,0.629301158,LR,Testing,0.860385031,0.739954324,LR,Testing,0.939047957,0.110620496,LR,Testing
580,0.290420206,0.874019376,LR,Testing,0.478203333,0.693838652,LR,Testing,0.868499561,0.710229973,LR,Testing,0.95748492,0.093827148,LR,Testing
581,0.273179817,0.909034526,LR,Testing,0.449224174,0.716434695,LR,Testing,0.873532551,0.70646779,LR,Testing,0.941136511,0.110375824,LR,Testing
582,0.305866191,0.80431187,LR,Testing,0.443720931,0.65749964,LR,Testing,0.870556672,0.719105985,LR,Testing,0.948521326,0.102935616,LR,Testing
583,0.248590691,0.886982525,LR,Testing,0.491048465,0.631530818,LR,Testing,0.872844622,0.681386048,LR,Testing,0.944498615,0.1028011,LR,Testing
584,0.243720256,0.966007442,LR,Testing,0.438160151,0.802192725,LR,Testing,0.860914408,0.747092063,LR,Testing,0.940481765,0.112576806,LR,Testing
585,0.268352665,0.779649807,LR,Testing,0.450985092,0.794976362,LR,Testing,0.868482526,0.73679945,LR,Testing,0.947860594,0.105023661,LR,Testing
586,0.22846046,1.025097586,LR,Testing,0.507684311,0.617882299,LR,Testing,0.877105105,0.702576735,LR,Testing,0.950036082,0.100378073,LR,Testing
587,0.22394642,1.022374894,LR,Testing,0.434556064,0.654555409,LR,Testing,0.859515236,0.735380213,LR,Testing,0.942326159,0.111096117,LR,Testing
588,0.231551839,0.948128002,LR,Testing,0.454114942,0.72003461,LR,Testing,0.855855554,0.747849649,LR,Testing,0.950913634,0.099383751,LR,Testing
589,0.264954071,0.881044033,LR,Testing,0.43666984,0.702544251,LR,Testing,0.87607229,0.703241114,LR,Testing,0.9403333,0.108848752,LR,Testing
590,0.245680499,0.916406109,LR,Testing,0.442852553,0.789419976,LR,Testing,0.879255677,0.710348834,LR,Testing,0.952263625,0.104456346,LR,Testing
591,0.236870205,0.806808715,LR,Testing,0.501542558,0.608792402,LR,Testing,0.876454888,0.722663277,LR,Testing,0.939315507,0.107529391,LR,Testing
592,0.252940271,0.958378467,LR,Testing,0.459723888,0.691993044,LR,Testing,0.868964064,0.727353644,LR,Testing,0.92544049,0.122825603,LR,Testing
593,0.223182532,0.939631472,LR,Testing,0.45724707,0.715177861,LR,Testing,0.859606843,0.738577977,LR,Testing,0.937875271,0.109641861,LR,Testing
594,0.350747079,0.78620029,LR,Testing,0.459094497,0.679557741,LR,Testing,0.868821126,0.711508745,LR,Testing,0.953499676,0.102437228,LR,Testing
595,0.315256652,0.789127761,LR,Testing,0.440942871,0.701791834,LR,Testing,0.860489612,0.736734589,LR,Testing,0.936054512,0.115427366,LR,Testing
596,0.21497407,1.017328521,LR,Testing,0.455309216,0.675590674,LR,Testing,0.87788698,0.69527938,LR,Testing,0.949658052,0.104406,LR,Testing
597,0.275646428,0.916901308,LR,Testing,0.471101429,0.687008277,LR,Testing,0.869569939,0.733188421,LR,Testing,0.948156322,0.108230524,LR,Testing
598,0.319012564,0.770044098,LR,Testing,0.469460397,0.729269832,LR,Testing,0.877852348,0.710406919,LR,Testing,0.940756323,0.113319496,LR,Testing
599,0.353881036,0.696889347,LR,Testing,0.417336618,0.851623851,LR,Testing,0.862012366,0.718574883,LR,Testing,0.943726061,0.111122263,LR,Testing
600,0.283366899,0.799984519,LR,Testing,0.466199063,0.658975877,LR,Testing,0.875260969,0.712982823,LR,Testing,0.946789644,0.106782431,LR,Testing
601,0.73221377,0.558318409,ANN-S,Training,0.726019742,0.488797733,ANN-S,Training,0.971137017,0.341404937,ANN-S,Training,0.99369279,0.036200991,ANN-S,Training
602,0.699072041,0.601146295,ANN-S,Training,0.731130869,0.481249342,ANN-S,Training,0.971370552,0.338001291,ANN-S,Training,0.9943529,0.033816104,ANN-S,Training
603,0.681748339,0.622149041,ANN-S,Training,0.722845414,0.523440705,ANN-S,Training,0.969158546,0.351813219,ANN-S,Training,0.992927551,0.039153825,ANN-S,Training
604,0.715338391,0.567687072,ANN-S,Training,0.716052805,0.514402699,ANN-S,Training,0.969160542,0.351363736,ANN-S,Training,0.994505189,0.033780942,ANN-S,Training
605,0.685127881,0.598143357,ANN-S,Training,0.712632414,0.518899864,ANN-S,Training,0.970192536,0.344639313,ANN-S,Training,0.994769742,0.032902137,ANN-S,Training
606,0.694522466,0.582656007,ANN-S,Training,0.72152724,0.500311172,ANN-S,Training,0.969251823,0.351698831,ANN-S,Training,0.992036727,0.040449869,ANN-S,Training
607,0.700866403,0.556962999,ANN-S,Training,0.746213474,0.469299247,ANN-S,Training,0.969277235,0.352656485,ANN-S,Training,0.993127634,0.038206891,ANN-S,Training
608,0.7051254,0.575880192,ANN-S,Training,0.708732065,0.534048811,ANN-S,Training,0.973528941,0.325632439,ANN-S,Training,0.995122354,0.032039971,ANN-S,Training
609,0.718434185,0.570773286,ANN-S,Training,0.684948552,0.559769156,ANN-S,Training,0.966104598,0.369450435,ANN-S,Training,0.995201273,0.032024383,ANN-S,Training
610,0.661739612,0.608362284,ANN-S,Training,0.710770236,0.521750349,ANN-S,Training,0.967625581,0.362261535,ANN-S,Training,0.992905429,0.038748467,ANN-S,Training
611,0.678473611,0.587656303,ANN-S,Training,0.693949401,0.535560455,ANN-S,Training,0.975062219,0.316620865,ANN-S,Training,0.994088657,0.035373286,ANN-S,Training
612,0.688840611,0.596206749,ANN-S,Training,0.710170574,0.535568022,ANN-S,Training,0.970355701,0.344513616,ANN-S,Training,0.993112999,0.038214547,ANN-S,Training
613,0.66995551,0.603514763,ANN-S,Training,0.703148679,0.541383165,ANN-S,Training,0.967650989,0.364736563,ANN-S,Training,0.994782928,0.033646136,ANN-S,Training
614,0.673105494,0.583356794,ANN-S,Training,0.72330213,0.489655825,ANN-S,Training,0.967214372,0.361786166,ANN-S,Training,0.993291707,0.037504951,ANN-S,Training
615,0.701193543,0.59265096,ANN-S,Training,0.702984151,0.506559665,ANN-S,Training,0.974111979,0.320167631,ANN-S,Training,0.993252411,0.037514209,ANN-S,Training
616,0.680626865,0.564718253,ANN-S,Training,0.702444838,0.542727646,ANN-S,Training,0.971489014,0.337549052,ANN-S,Training,0.992141298,0.040955846,ANN-S,Training
617,0.713955541,0.535884131,ANN-S,Training,0.709805452,0.53762649,ANN-S,Training,0.967262994,0.36421732,ANN-S,Training,0.992673703,0.039157156,ANN-S,Training
618,0.68083062,0.58250365,ANN-S,Training,0.713821938,0.5164638,ANN-S,Training,0.971593064,0.338860673,ANN-S,Training,0.992014825,0.041292264,ANN-S,Training
619,0.680103175,0.593466754,ANN-S,Training,0.709746613,0.526951263,ANN-S,Training,0.964269594,0.37830547,ANN-S,Training,0.994685678,0.033752811,ANN-S,Training
620,0.699188098,0.570492189,ANN-S,Training,0.728905939,0.486990726,ANN-S,Training,0.968922601,0.349971275,ANN-S,Training,0.993049079,0.037679394,ANN-S,Training
621,0.680717422,0.610554035,ANN-S,Training,0.686618572,0.559519841,ANN-S,Training,0.9715679,0.333920268,ANN-S,Training,0.99336584,0.037937928,ANN-S,Training
622,0.68209513,0.57588768,ANN-S,Training,0.722083582,0.514630429,ANN-S,Training,0.973584988,0.324637926,ANN-S,Training,0.994205757,0.035145583,ANN-S,Training
623,0.71339505,0.55485533,ANN-S,Training,0.715641011,0.515518668,ANN-S,Training,0.968801555,0.355034373,ANN-S,Training,0.994003261,0.035992671,ANN-S,Training
624,0.620547847,0.656464241,ANN-S,Training,0.726068389,0.513911695,ANN-S,Training,0.973830415,0.325381281,ANN-S,Training,0.992539298,0.039138237,ANN-S,Training
625,0.693568529,0.593480783,ANN-S,Training,0.725031848,0.512347452,ANN-S,Training,0.969139536,0.353018147,ANN-S,Training,0.992373758,0.03979447,ANN-S,Training
626,0.660315084,0.586717079,ANN-S,Training,0.71289362,0.527564554,ANN-S,Training,0.973655472,0.325270462,ANN-S,Training,0.992645349,0.039158098,ANN-S,Training
627,0.719275027,0.546810298,ANN-S,Training,0.705993028,0.5288576,ANN-S,Training,0.97269205,0.328919242,ANN-S,Training,0.993277415,0.037125476,ANN-S,Training
628,0.665699104,0.623339236,ANN-S,Training,0.711581576,0.513439342,ANN-S,Training,0.970815074,0.339870967,ANN-S,Training,0.994496992,0.033863976,ANN-S,Training
629,0.707514518,0.592996475,ANN-S,Training,0.724598684,0.478274813,ANN-S,Training,0.967094202,0.366639128,ANN-S,Training,0.991233407,0.042645626,ANN-S,Training
630,0.672387613,0.615011242,ANN-S,Training,0.724598684,0.478274813,ANN-S,Training,0.97323099,0.326063949,ANN-S,Training,0.992061616,0.040754754,ANN-S,Training
631,0.43921497,0.695280067,ANN-S,Testing,0.667722218,0.611244873,ANN-S,Testing,0.958991627,0.399482552,ANN-S,Testing,0.992364295,0.040860485,ANN-S,Testing
632,0.676196032,0.494896982,ANN-S,Testing,0.611287663,0.67045582,ANN-S,Testing,0.968196863,0.358050055,ANN-S,Testing,0.989816902,0.048667652,ANN-S,Testing
633,0.626538659,0.510705873,ANN-S,Testing,0.679812055,0.499901218,ANN-S,Testing,0.959878306,0.39850661,ANN-S,Testing,0.989813809,0.044177172,ANN-S,Testing
634,0.591533441,0.627102142,ANN-S,Testing,0.671334211,0.558888532,ANN-S,Testing,0.957728473,0.41105077,ANN-S,Testing,0.99085658,0.044744106,ANN-S,Testing
635,0.578382926,0.632965697,ANN-S,Testing,0.707238925,0.523293115,ANN-S,Testing,0.965740835,0.372559834,ANN-S,Testing,0.994979793,0.033302548,ANN-S,Testing
636,0.642753586,0.605161862,ANN-S,Testing,0.610934646,0.639038714,ANN-S,Testing,0.961672062,0.388422669,ANN-S,Testing,0.991137593,0.04468381,ANN-S,Testing
637,0.564554245,0.737203157,ANN-S,Testing,0.563778216,0.706063593,ANN-S,Testing,0.966424021,0.360013209,ANN-S,Testing,0.990264017,0.04464828,ANN-S,Testing
638,0.529212628,0.680980458,ANN-S,Testing,0.677653895,0.510545656,ANN-S,Testing,0.960091234,0.39873275,ANN-S,Testing,0.9907989,0.044020529,ANN-S,Testing
639,0.643640434,0.561747454,ANN-S,Testing,0.655398797,0.51249258,ANN-S,Testing,0.958192961,0.404914778,ANN-S,Testing,0.992068367,0.039904583,ANN-S,Testing
640,0.622282842,0.63768147,ANN-S,Testing,0.701957503,0.524380986,ANN-S,Testing,0.960632668,0.388600531,ANN-S,Testing,0.988473104,0.048855471,ANN-S,Testing
641,0.637335319,0.642124914,ANN-S,Testing,0.645156437,0.575052691,ANN-S,Testing,0.964476615,0.374420965,ANN-S,Testing,0.987624696,0.050609133,ANN-S,Testing
642,0.582992937,0.623411177,ANN-S,Testing,0.680985692,0.49791389,ANN-S,Testing,0.964650678,0.375788609,ANN-S,Testing,0.988594538,0.048451634,ANN-S,Testing
643,0.63308967,0.619807386,ANN-S,Testing,0.707565465,0.478707976,ANN-S,Testing,0.950920019,0.423329042,ANN-S,Testing,0.992617151,0.037493661,ANN-S,Testing
644,0.636341377,0.669863297,ANN-S,Testing,0.652380533,0.630992932,ANN-S,Testing,0.962403053,0.388426939,ANN-S,Testing,0.990707852,0.04448176,ANN-S,Testing
645,0.552185221,0.609955132,ANN-S,Testing,0.6515323,0.633349469,ANN-S,Testing,0.965522179,0.377248456,ANN-S,Testing,0.993069616,0.038709688,ANN-S,Testing
646,0.624086641,0.715533542,ANN-S,Testing,0.672232756,0.504158032,ANN-S,Testing,0.962984657,0.385582872,ANN-S,Testing,0.989360739,0.046319764,ANN-S,Testing
647,0.597882053,0.7359377,ANN-S,Testing,0.648575226,0.516021537,ANN-S,Testing,0.954777035,0.417231266,ANN-S,Testing,0.991934568,0.041545429,ANN-S,Testing
648,0.601763648,0.682543187,ANN-S,Testing,0.681876445,0.549668289,ANN-S,Testing,0.959948301,0.394208341,ANN-S,Testing,0.990492972,0.043737839,ANN-S,Testing
649,0.663845024,0.595813237,ANN-S,Testing,0.661450749,0.544631945,ANN-S,Testing,0.955945126,0.419292432,ANN-S,Testing,0.990470423,0.043500501,ANN-S,Testing
650,0.618334023,0.651856547,ANN-S,Testing,0.648015439,0.627458268,ANN-S,Testing,0.963837153,0.388749296,ANN-S,Testing,0.991368259,0.044418033,ANN-S,Testing
651,0.593208113,0.589057266,ANN-S,Testing,0.714583059,0.460675436,ANN-S,Testing,0.972591131,0.340383707,ANN-S,Testing,0.986625286,0.050481306,ANN-S,Testing
652,0.571910072,0.725482414,ANN-S,Testing,0.701854427,0.514053154,ANN-S,Testing,0.966638586,0.367005555,ANN-S,Testing,0.986711027,0.051854099,ANN-S,Testing
653,0.630041358,0.648447249,ANN-S,Testing,0.670181181,0.557507468,ANN-S,Testing,0.952050747,0.431632667,ANN-S,Testing,0.990940114,0.041870245,ANN-S,Testing
654,0.611510563,0.608157198,ANN-S,Testing,0.585250402,0.595057113,ANN-S,Testing,0.966196399,0.361185057,ANN-S,Testing,0.991396882,0.044061346,ANN-S,Testing
655,0.659611341,0.556379284,ANN-S,Testing,0.666192864,0.542285539,ANN-S,Testing,0.961636471,0.386337675,ANN-S,Testing,0.988923162,0.049229212,ANN-S,Testing
656,0.593774278,0.731817733,ANN-S,Testing,0.710363247,0.492646575,ANN-S,Testing,0.965070239,0.371857177,ANN-S,Testing,0.991842937,0.0420269,ANN-S,Testing
657,0.684414246,0.605209845,ANN-S,Testing,0.666164072,0.545811032,ANN-S,Testing,0.96276395,0.391749591,ANN-S,Testing,0.988585735,0.050783876,ANN-S,Testing
658,0.65551601,0.547684649,ANN-S,Testing,0.658463666,0.58512385,ANN-S,Testing,0.963455588,0.388575226,ANN-S,Testing,0.99195986,0.041746054,ANN-S,Testing
659,0.701151677,0.473950508,ANN-S,Testing,0.602373113,0.70352061,ANN-S,Testing,0.949771196,0.433539198,ANN-S,Testing,0.989332258,0.048381983,ANN-S,Testing
660,0.665248057,0.546757444,ANN-S,Testing,0.602373113,0.70352061,ANN-S,Testing,0.967066835,0.366348667,ANN-S,Testing,0.990999214,0.043917939,ANN-S,Testing
661,0.860709646,0.402669142,ANN-D,Training,0.738199797,0.477809234,ANN-D,Training,0.949124495,0.453266432,ANN-D,Training,0.935964742,0.115348352,ANN-D,Training
662,0.804923292,0.484006968,ANN-D,Training,0.739312483,0.473870633,ANN-D,Training,0.96151622,0.391877865,ANN-D,Training,0.951500263,0.09910157,ANN-D,Training
663,0.825703547,0.460419142,ANN-D,Training,0.743941172,0.503125506,ANN-D,Training,0.951278928,0.442184126,ANN-D,Training,0.97164293,0.078400704,ANN-D,Training
664,0.848340737,0.414361145,ANN-D,Training,0.752935761,0.479832203,ANN-D,Training,0.958531937,0.407436978,ANN-D,Training,0.940672126,0.111000458,ANN-D,Training
665,0.803225092,0.472849615,ANN-D,Training,0.762185182,0.472045783,ANN-D,Training,0.953111626,0.432249891,ANN-D,Training,0.963601283,0.086797176,ANN-D,Training
666,0.810836531,0.458501989,ANN-D,Training,0.764225462,0.460359694,ANN-D,Training,0.955078519,0.425097224,ANN-D,Training,0.954533354,0.096653538,ANN-D,Training
667,0.84280931,0.403745001,ANN-D,Training,0.753281335,0.462718197,ANN-D,Training,0.958976437,0.407510131,ANN-D,Training,0.970900173,0.078620131,ANN-D,Training
668,0.841253009,0.422538425,ANN-D,Training,0.729505385,0.514652309,ANN-D,Training,0.955898279,0.420310046,ANN-D,Training,0.978619928,0.067079767,ANN-D,Training
669,0.841253009,0.422538425,ANN-D,Training,0.731883328,0.516392748,ANN-D,Training,0.955734595,0.422199783,ANN-D,Training,0.955148032,0.097905817,ANN-D,Training
670,0.813403647,0.451843756,ANN-D,Training,0.735640778,0.498813834,ANN-D,Training,0.959573001,0.40481536,ANN-D,Training,0.951415384,0.10140067,ANN-D,Training
671,0.828532273,0.429147199,ANN-D,Training,0.749442407,0.484580205,ANN-D,Training,0.949700912,0.449666652,ANN-D,Training,0.957767111,0.094549168,ANN-D,Training
672,0.804506705,0.472575678,ANN-D,Training,0.712866297,0.533071527,ANN-D,Training,0.955662483,0.421329123,ANN-D,Training,0.978091549,0.068158417,ANN-D,Training
673,0.821827711,0.443426592,ANN-D,Training,0.753306852,0.493530273,ANN-D,Training,0.95337869,0.437865804,ANN-D,Training,0.96797464,0.083362129,ANN-D,Training
674,0.738088378,0.522165092,ANN-D,Training,0.749518676,0.465881743,ANN-D,Training,0.948359037,0.454053861,ANN-D,Training,0.970260484,0.07896771,ANN-D,Training
675,0.806922846,0.476397471,ANN-D,Training,0.714865402,0.496324545,ANN-D,Training,0.948744683,0.450502766,ANN-D,Training,0.956528889,0.095579539,ANN-D,Training
676,0.752516413,0.497113819,ANN-D,Training,0.743721661,0.503679356,ANN-D,Training,0.955425079,0.422061812,ANN-D,Training,0.986464075,0.053750739,ANN-D,Training
677,0.843422629,0.396477572,ANN-D,Training,0.765603793,0.483182643,ANN-D,Training,0.956380769,0.420416856,ANN-D,Training,0.958075971,0.093669973,ANN-D,Training
678,0.863228176,0.381317169,ANN-D,Training,0.757111729,0.475800604,ANN-D,Training,0.96079815,0.398072568,ANN-D,Training,0.969448745,0.08076831,ANN-D,Training
679,0.831841427,0.430279779,ANN-D,Training,0.746874564,0.492095843,ANN-D,Training,0.957021235,0.414906855,ANN-D,Training,0.952939494,0.100441761,ANN-D,Training
680,0.829929989,0.428959276,ANN-D,Training,0.754843863,0.463107775,ANN-D,Training,0.957700214,0.408299785,ANN-D,Training,0.952182438,0.09882719,ANN-D,Training
681,0.841323668,0.430420127,ANN-D,Training,0.704364033,0.54344738,ANN-D,Training,0.957088906,0.410225927,ANN-D,Training,0.956865814,0.09673674,ANN-D,Training
682,0.831535608,0.41922122,ANN-D,Training,0.739248292,0.498484823,ANN-D,Training,0.949061745,0.450812427,ANN-D,Training,0.936713045,0.116152755,ANN-D,Training
683,0.80436007,0.458423284,ANN-D,Training,0.723649307,0.508207646,ANN-D,Training,0.953514915,0.433371897,ANN-D,Training,0.96994281,0.080580632,ANN-D,Training
684,0.822394924,0.449117782,ANN-D,Training,0.755607639,0.485412816,ANN-D,Training,0.958940822,0.40756724,ANN-D,Training,0.951424616,0.09986643,ANN-D,Training
685,0.80204654,0.477003458,ANN-D,Training,0.747110989,0.491347061,ANN-D,Training,0.953905516,0.428384086,ANN-D,Training,0.952332656,0.100332764,ANN-D,Training
686,0.803428061,0.446325151,ANN-D,Training,0.729040595,0.512514671,ANN-D,Training,0.94219687,0.48180921,ANN-D,Training,0.966374823,0.083728411,ANN-D,Training
687,0.830525463,0.424862489,ANN-D,Training,0.741241522,0.496143412,ANN-D,Training,0.951581992,0.437973859,ANN-D,Training,0.958803424,0.091904008,ANN-D,Training
688,0.830264913,0.44416211,ANN-D,Training,0.734622542,0.492503883,ANN-D,Training,0.941096244,0.482843364,ANN-D,Training,0.988922565,0.048046028,ANN-D,Training
689,0.819842719,0.465399448,ANN-D,Training,0.760065974,0.446416693,ANN-D,Training,0.966670764,0.368990579,ANN-D,Training,0.958708333,0.092552953,ANN-D,Training
690,0.879928449,0.372325651,ANN-D,Training,0.741751918,0.502449245,ANN-D,Training,0.953963575,0.427599736,ANN-D,Training,0.954661565,0.097396978,ANN-D,Training
691,0.533046285,0.63445159,ANN-D,Testing,0.658156452,0.619980844,ANN-D,Testing,0.94076154,0.480135062,ANN-D,Testing,0.939205603,0.115295067,ANN-D,Testing
692,0.730236241,0.451716052,ANN-D,Testing,0.606438671,0.67462466,ANN-D,Testing,0.959736102,0.402871615,ANN-D,Testing,0.948768836,0.109161009,ANN-D,Testing
693,0.76335646,0.406532576,ANN-D,Testing,0.655745817,0.518347873,ANN-D,Testing,0.94885348,0.44993932,ANN-D,Testing,0.970451324,0.075242117,ANN-D,Testing
694,0.521545777,0.678703715,ANN-D,Testing,0.674233183,0.556418256,ANN-D,Testing,0.95440337,0.426911513,ANN-D,Testing,0.940066593,0.114555508,ANN-D,Testing
695,0.611233553,0.607806679,ANN-D,Testing,0.669777153,0.555765922,ANN-D,Testing,0.94896454,0.454719589,ANN-D,Testing,0.962387428,0.091155559,ANN-D,Testing
696,0.671558999,0.58025153,ANN-D,Testing,0.588718671,0.657030283,ANN-D,Testing,0.954081828,0.425147015,ANN-D,Testing,0.95068694,0.10540357,ANN-D,Testing
697,0.654385166,0.656774592,ANN-D,Testing,0.566680008,0.703711271,ANN-D,Testing,0.95654971,0.409543871,ANN-D,Testing,0.971992142,0.075727701,ANN-D,Testing
698,0.620741445,0.61120928,ANN-D,Testing,0.662103814,0.522715065,ANN-D,Testing,0.946510539,0.461617084,ANN-D,Testing,0.9710751,0.078049713,ANN-D,Testing
699,0.620741445,0.61120928,ANN-D,Testing,0.721313215,0.460879482,ANN-D,Testing,0.949010518,0.447176755,ANN-D,Testing,0.951913918,0.098254209,ANN-D,Testing
700,0.63985676,0.622670189,ANN-D,Testing,0.696784965,0.528911738,ANN-D,Testing,0.954666941,0.417006582,ANN-D,Testing,0.954405879,0.097165355,ANN-D,Testing
701,0.741675005,0.541938623,ANN-D,Testing,0.674195816,0.551020178,ANN-D,Testing,0.945919623,0.461979645,ANN-D,Testing,0.953762718,0.097824381,ANN-D,Testing
702,0.616411588,0.597909727,ANN-D,Testing,0.696775097,0.485435567,ANN-D,Testing,0.950618167,0.444157165,ANN-D,Testing,0.976111456,0.070120796,ANN-D,Testing
703,0.770156068,0.490561317,ANN-D,Testing,0.65343555,0.521132718,ANN-D,Testing,0.946353027,0.442586824,ANN-D,Testing,0.968414041,0.077551979,ANN-D,Testing
704,0.711836232,0.59629192,ANN-D,Testing,0.602398006,0.674833644,ANN-D,Testing,0.94240367,0.480762357,ANN-D,Testing,0.968322927,0.082128978,ANN-D,Testing
705,0.702705464,0.496983697,ANN-D,Testing,0.634537124,0.648610209,ANN-D,Testing,0.941285655,0.492299816,ANN-D,Testing,0.957271101,0.0950747,ANN-D,Testing
706,0.706660782,0.632078739,ANN-D,Testing,0.675156493,0.501904409,ANN-D,Testing,0.952937149,0.434776398,ANN-D,Testing,0.983738526,0.057265172,ANN-D,Testing
707,0.572642037,0.758682773,ANN-D,Testing,0.638847599,0.523114663,ANN-D,Testing,0.952429973,0.427921421,ANN-D,Testing,0.959289164,0.093339281,ANN-D,Testing
708,0.659533799,0.631097831,ANN-D,Testing,0.643938193,0.581521083,ANN-D,Testing,0.951909201,0.431962784,ANN-D,Testing,0.970261714,0.077355805,ANN-D,Testing
709,0.762390893,0.500924089,ANN-D,Testing,0.666153741,0.54083581,ANN-D,Testing,0.946136821,0.463624132,ANN-D,Testing,0.953723951,0.095859593,ANN-D,Testing
710,0.693555681,0.584098505,ANN-D,Testing,0.602095399,0.667133148,ANN-D,Testing,0.955327575,0.432073944,ANN-D,Testing,0.948769146,0.108212121,ANN-D,Testing
711,0.646070578,0.549451937,ANN-D,Testing,0.740477094,0.439281617,ANN-D,Testing,0.953649919,0.44263775,ANN-D,Testing,0.956830588,0.090693548,ANN-D,Testing
712,0.701764109,0.605535122,ANN-D,Testing,0.678527199,0.533784505,ANN-D,Testing,0.945290683,0.469981821,ANN-D,Testing,0.937149575,0.112769458,ANN-D,Testing
713,0.697137699,0.586706193,ANN-D,Testing,0.613868265,0.60322693,ANN-D,Testing,0.947232066,0.452802096,ANN-D,Testing,0.968967259,0.077491525,ANN-D,Testing
714,0.776337837,0.46144772,ANN-D,Testing,0.616486153,0.572210982,ANN-D,Testing,0.955673854,0.413597857,ANN-D,Testing,0.952006152,0.104069295,ANN-D,Testing
715,0.724862982,0.500216397,ANN-D,Testing,0.669736263,0.53939965,ANN-D,Testing,0.948400842,0.457842858,ANN-D,Testing,0.949614931,0.102460097,ANN-D,Testing
716,0.616567056,0.710990719,ANN-D,Testing,0.700179407,0.501232661,ANN-D,Testing,0.937821933,0.496131695,ANN-D,Testing,0.962935269,0.089586151,ANN-D,Testing
717,0.597382642,0.683586593,ANN-D,Testing,0.646194949,0.561898388,ANN-D,Testing,0.946863781,0.467974376,ANN-D,Testing,0.955192586,0.100618259,ANN-D,Testing
718,0.683219853,0.525200372,ANN-D,Testing,0.64152526,0.599457811,ANN-D,Testing,0.934760787,0.519181221,ANN-D,Testing,0.982044129,0.062385961,ANN-D,Testing
719,0.740814479,0.441380305,ANN-D,Testing,0.605640335,0.700624303,ANN-D,Testing,0.961673153,0.378707143,ANN-D,Testing,0.956211449,0.098022937,ANN-D,Testing
720,0.716087575,0.50353,ANN-D,Testing,0.699334745,0.49456283,ANN-D,Testing,0.948838933,0.456612379,ANN-D,Testing,0.95441776,0.098832448,ANN-D,Testing
